username,hours,user_id,title,text,tags,sentiment,developer,narrativa,jugabilidad,atmósfera,dificultad,tono_emocional
💛💛💛,11.0,76561198066513358,pixel piracy,top kek,"['Pirates', 'Indie', 'Pixel Graphics', 'RPG', 'Sandbox', '2D', 'Open World', 'Rogue-like', 'Simulation', 'Adventure', 'Singleplayer', 'Action', 'Side Scroller', 'Building', 'Strategy', 'Rogue-lite', 'Survival', 'Crafting', 'Multiplayer', 'Gore']",Mixed,Vitali Kirpu,2,3,3,3,positivo
Jish,22.7,76561198031001051,pixel piracy,"So, there is a lot of good to this game, but in the end it is still very buggy, and just... boring. I'd have liked to be able to conqure islands and build on them.. maybe make a fortress or something that would give me some resources over time, like crab meat, tobacco, sugar, etc.. Actually building stuff wouldn't really matter all that much except for ""Defenses"" like cannons and defenders.. or whatever.. maybe have like.. an area of influence.. once you control an area it has an area of influence out to islands around it.. and as you build further out maybe you can assign a main island, basically your personal fortress that all your stuff goes to.. maybe a trader or two there.. Etc etc.. Basically though, in the end this game isn't well executed, fantastic idea.. horrible set up. It's messy, buggy, and limited. I still play it though, due to it's one of the few games you get to build a ship from scratch, and sail the seas.. but I'm sure there are better games. Pirate customization could have been better.. I mean, ok the truth is? I have a good dozen or so negative things to say about the game.. just what it is. I'll try for positives. Uhm.... people can fish..? people can swab yer poop deck..? . . You can poo :/ It just.. it has GREAT IDEAS! . . .but.. just.. guys work on it more, cmon.. pathing is SO BAD.. it's SOO BAD... ruins the game. Waste of 10 dollars. Only get this game if it's 5 dollars or less.","['Pirates', 'Indie', 'Pixel Graphics', 'RPG', 'Sandbox', '2D', 'Open World', 'Rogue-like', 'Simulation', 'Adventure', 'Singleplayer', 'Action', 'Side Scroller', 'Building', 'Strategy', 'Rogue-lite', 'Survival', 'Crafting', 'Multiplayer', 'Gore']",Mixed,Vitali Kirpu,2,2,3,2,negativo
SerchForVideos,21.5,76561198073408648,pixel piracy,"When I bought this game was within the first day since they launched it. Now it looks like it was left aside and no one will ever touch it again. Unless you are a game collectionist, don´t buy it. Maybe it will never have any more updates in the future. (Fred The Sled has an astonishing review.)","['Pirates', 'Indie', 'Pixel Graphics', 'RPG', 'Sandbox', '2D', 'Open World', 'Rogue-like', 'Simulation', 'Adventure', 'Singleplayer', 'Action', 'Side Scroller', 'Building', 'Strategy', 'Rogue-lite', 'Survival', 'Crafting', 'Multiplayer', 'Gore']",Mixed,Vitali Kirpu,1,2,2,3,negativo
a real snow mexican,8.1,76561198168196711,pixel piracy,at first it didint work but i fixed it it is a very fun game,"['Pirates', 'Indie', 'Pixel Graphics', 'RPG', 'Sandbox', '2D', 'Open World', 'Rogue-like', 'Simulation', 'Adventure', 'Singleplayer', 'Action', 'Side Scroller', 'Building', 'Strategy', 'Rogue-lite', 'Survival', 'Crafting', 'Multiplayer', 'Gore']",Mixed,Vitali Kirpu,2,4,3,3,positivo
✠ Moikahl ✠,11.9,76561198001341979,pixel piracy,Its a nice game. You can create your own ships and fight against hard enemies. Very fun and addicting.,"['Pirates', 'Indie', 'Pixel Graphics', 'RPG', 'Sandbox', '2D', 'Open World', 'Rogue-like', 'Simulation', 'Adventure', 'Singleplayer', 'Action', 'Side Scroller', 'Building', 'Strategy', 'Rogue-lite', 'Survival', 'Crafting', 'Multiplayer', 'Gore']",Mixed,Vitali Kirpu,3,4,4,3,positivo
Kitten,24.3,76561198049904953,pixel piracy,"This is one of the few adventure/sandbox games that I found frustrating to play. With lack of proper tutorial or instruction, this game is pretty hard to play by jumping right into it. I did end up exiting, and didn't go back. I will probably find my way back to this game in the future, kicking and screaming. I'm not going to recommend this game, for several reasons: 1. This game is tough to understand. That's a subjective statement, but I will stand by it; it plays like a game trying to be more than it actually is. Why complicate the game with things that it really doesn't need? And why push it all on a new player at once? The menus are atrocious and simply not conducive to someone trying to play the game for the first time. 2. This game will likely never be fixed or revamped. The latest developer news included this passage: ""Piracy is buggy and the internal code is messy, it'd take a whole new code base to FIX it, and. While we can never remake it, look out for Q1 2016, but that's a different piece of news for a different moment [...]"". I'm not a developer, and don't claim to know what they're doing, but it sounds like they're dumping Pixel Piracy for a new game they're developing: Pixel Privateers. I bought this game while it was in Early Access, hoping it would amount to something. It didn't, and I believe it's just another excuse to point and scream at the Early Access system, ignoring the fact that this game doesn't feel planned at all, and just a collection of random ideas thrown into a game by three people. Is this game worth it, to the objective buyer? I would say no. You're better off saving your money, and scoping out their new game. Now that they've had what I will deem a flop, they have no excuses, barring acts of god, to drop the ball again. And with their new game being in the same style, with the same concept (Pirates/Sea Adventure), the expectations are even higher.","['Pirates', 'Indie', 'Pixel Graphics', 'RPG', 'Sandbox', '2D', 'Open World', 'Rogue-like', 'Simulation', 'Adventure', 'Singleplayer', 'Action', 'Side Scroller', 'Building', 'Strategy', 'Rogue-lite', 'Survival', 'Crafting', 'Multiplayer', 'Gore']",Mixed,Vitali Kirpu,2,1,2,4,negativo
superkowalski1,9.3,76561198141386273,pixel piracy,what they charge for this is piracy,"['Pirates', 'Indie', 'Pixel Graphics', 'RPG', 'Sandbox', '2D', 'Open World', 'Rogue-like', 'Simulation', 'Adventure', 'Singleplayer', 'Action', 'Side Scroller', 'Building', 'Strategy', 'Rogue-lite', 'Survival', 'Crafting', 'Multiplayer', 'Gore']",Mixed,Vitali Kirpu,1,2,2,3,negativo
Grat Dalton,0.3,76561198023387850,pixel piracy,"Game breaking bugs within 19 minutes. Rr me timbers, I just want to play the game.","['Pirates', 'Indie', 'Pixel Graphics', 'RPG', 'Sandbox', '2D', 'Open World', 'Rogue-like', 'Simulation', 'Adventure', 'Singleplayer', 'Action', 'Side Scroller', 'Building', 'Strategy', 'Rogue-lite', 'Survival', 'Crafting', 'Multiplayer', 'Gore']",Mixed,Vitali Kirpu,1,1,2,2,negativo
Wastingaway_8217,7.1,76561198087063449,pixel piracy,"In this game's current state I don't recommend it... It has lot of potential but it's screwed up by bugs, AI issues and horrible controls that just all add up to make this game unplayable. If all of these issues get fixed then I recommend it. If not, stay far away from it. Other than that the game has a good premise and gameplay is good as well. It shouldn't have been taken off early access so soon it needed more time.","['Pirates', 'Indie', 'Pixel Graphics', 'RPG', 'Sandbox', '2D', 'Open World', 'Rogue-like', 'Simulation', 'Adventure', 'Singleplayer', 'Action', 'Side Scroller', 'Building', 'Strategy', 'Rogue-lite', 'Survival', 'Crafting', 'Multiplayer', 'Gore']",Mixed,Vitali Kirpu,3,2,3,2,negativo
Sunflower,12.7,76561198077778561,pixel piracy,I bought this game and played it a bunch a couple of yeard ago or whatever but ditched it promising myself I'll just start playing again whenever it's been cleared up of bugs and expanded a bit. According to all these steam reviews the developers never did that and just grabbed a bunch of money. ♥♥♥♥ you developers.,"['Pirates', 'Indie', 'Pixel Graphics', 'RPG', 'Sandbox', '2D', 'Open World', 'Rogue-like', 'Simulation', 'Adventure', 'Singleplayer', 'Action', 'Side Scroller', 'Building', 'Strategy', 'Rogue-lite', 'Survival', 'Crafting', 'Multiplayer', 'Gore']",Mixed,Vitali Kirpu,1,2,2,3,negativo
Hajduk,48.8,76561198033479175,pixel piracy,"I give this one a cautious ""yay"". It's a fun little game that you can play for several hours before the annoying bugs become too much.  The game is currently on sale for $2 and for that price it is fine. The bugs are numerous though.  As others mentioned, your peeps simply do not always obey even when they are fed and morale is high.  When they have 2 jobs, they often completely ignore one of them.  Also, once you get a large enough crew and levelled enough, the game simply loses the challenge. But dammit, it is still fun somehow even though it has no right to be.... at least in small doses.","['Pirates', 'Indie', 'Pixel Graphics', 'RPG', 'Sandbox', '2D', 'Open World', 'Rogue-like', 'Simulation', 'Adventure', 'Singleplayer', 'Action', 'Side Scroller', 'Building', 'Strategy', 'Rogue-lite', 'Survival', 'Crafting', 'Multiplayer', 'Gore']",Mixed,Vitali Kirpu,2,3,3,2,positivo
The Game,6.9,76561198053490627,pixel piracy,This is probably a big map but small adventures. And you are a pirate who travels around the sea fighting bosses looting treasure beating badguys. It's a 2 game action game.,"['Pirates', 'Indie', 'Pixel Graphics', 'RPG', 'Sandbox', '2D', 'Open World', 'Rogue-like', 'Simulation', 'Adventure', 'Singleplayer', 'Action', 'Side Scroller', 'Building', 'Strategy', 'Rogue-lite', 'Survival', 'Crafting', 'Multiplayer', 'Gore']",Mixed,Vitali Kirpu,2,3,3,3,neutral
DigitalScout,5.2,76561198161496577,pixel piracy,"A very good and delightful classic design that comes with some unique gameplay,i think anyone can actually enjoy it.","['Pirates', 'Indie', 'Pixel Graphics', 'RPG', 'Sandbox', '2D', 'Open World', 'Rogue-like', 'Simulation', 'Adventure', 'Singleplayer', 'Action', 'Side Scroller', 'Building', 'Strategy', 'Rogue-lite', 'Survival', 'Crafting', 'Multiplayer', 'Gore']",Mixed,Vitali Kirpu,3,4,4,2,positivo
Kiwi,25.9,76561198122389549,pixel piracy,a great game. still some bugs as you might expect can some one please tell me how to arm my swivel cannons,"['Pirates', 'Indie', 'Pixel Graphics', 'RPG', 'Sandbox', '2D', 'Open World', 'Rogue-like', 'Simulation', 'Adventure', 'Singleplayer', 'Action', 'Side Scroller', 'Building', 'Strategy', 'Rogue-lite', 'Survival', 'Crafting', 'Multiplayer', 'Gore']",Mixed,Vitali Kirpu,2,4,3,3,positivo
Hiddeneagle,28.0,76561198000177927,pixel piracy,"Highly Entertaining, enough said.","['Pirates', 'Indie', 'Pixel Graphics', 'RPG', 'Sandbox', '2D', 'Open World', 'Rogue-like', 'Simulation', 'Adventure', 'Singleplayer', 'Action', 'Side Scroller', 'Building', 'Strategy', 'Rogue-lite', 'Survival', 'Crafting', 'Multiplayer', 'Gore']",Mixed,Vitali Kirpu,2,4,3,3,positivo
Supanders,5.2,76561198082058849,pixel piracy,Very.very addictive.i also love the graphics and the music 8/10.,"['Pirates', 'Indie', 'Pixel Graphics', 'RPG', 'Sandbox', '2D', 'Open World', 'Rogue-like', 'Simulation', 'Adventure', 'Singleplayer', 'Action', 'Side Scroller', 'Building', 'Strategy', 'Rogue-lite', 'Survival', 'Crafting', 'Multiplayer', 'Gore']",Mixed,Vitali Kirpu,3,5,4,3,positivo
ItchyPancake,15.0,76561198041908611,pixel piracy,Amazing game! Can't wait to see what's in store for future updates! Keep up the great work guys!,"['Pirates', 'Indie', 'Pixel Graphics', 'RPG', 'Sandbox', '2D', 'Open World', 'Rogue-like', 'Simulation', 'Adventure', 'Singleplayer', 'Action', 'Side Scroller', 'Building', 'Strategy', 'Rogue-lite', 'Survival', 'Crafting', 'Multiplayer', 'Gore']",Mixed,Vitali Kirpu,3,5,4,2,positivo
Officer McChicken,5.4,76561198043929814,pixel piracy,"Too many bugs. Should still be listed as early access, since alot of things they have don't work. Such as the ship repair skill, and swimming skill. both rarely if ever work and investing anything in them is a waste of time and money. Dev's fix your game.","['Pirates', 'Indie', 'Pixel Graphics', 'RPG', 'Sandbox', '2D', 'Open World', 'Rogue-like', 'Simulation', 'Adventure', 'Singleplayer', 'Action', 'Side Scroller', 'Building', 'Strategy', 'Rogue-lite', 'Survival', 'Crafting', 'Multiplayer', 'Gore']",Mixed,Vitali Kirpu,1,2,2,3,negativo
Dan U.,18.4,76561197971739831,pixel piracy,"Takes a bit to understand the mechanincs, but once that happens the game is a blast!  Don't worry if you die the first few times, learn the mechanics, then start a new game and you will enjoy it very much. I found out that going for 3 crew members is a very good balance to grow your wallet, etc. Then increase your crew as you go. Fishing is a must as well as going to islands to find valuable items. The game is more or less a balancing act between food/morale/money/crew size/enemy rank etc. That is your key to success. A great game, excellent gameplay. I am amazed how good it is. Totally worth the money.","['Pirates', 'Indie', 'Pixel Graphics', 'RPG', 'Sandbox', '2D', 'Open World', 'Rogue-like', 'Simulation', 'Adventure', 'Singleplayer', 'Action', 'Side Scroller', 'Building', 'Strategy', 'Rogue-lite', 'Survival', 'Crafting', 'Multiplayer', 'Gore']",Mixed,Vitali Kirpu,3,5,4,3,positivo
Patrick,15.9,76561198042993114,pixel piracy,"Great for some casual gaming fun when you've got a few hours downtime. You'll need a little bit of patience, but it is worth it.","['Pirates', 'Indie', 'Pixel Graphics', 'RPG', 'Sandbox', '2D', 'Open World', 'Rogue-like', 'Simulation', 'Adventure', 'Singleplayer', 'Action', 'Side Scroller', 'Building', 'Strategy', 'Rogue-lite', 'Survival', 'Crafting', 'Multiplayer', 'Gore']",Mixed,Vitali Kirpu,2,4,3,3,positivo
FjbWWII,47.7,76561198089777064,plague inc: evolved,Fun plague sim. KILL THE WORD!!!,"['Strategy', 'Simulation', 'Indie', 'Singleplayer', 'Multiplayer', 'Zombies', 'Casual', 'Tactical', 'Replay Value', 'Post-apocalyptic', 'Realistic', 'Atmospheric', '2D', 'Co-op', 'Sandbox', 'Difficult', 'Survival', 'Horror', 'Action', 'Adventure']",Very Positive,Ndemic Creations,2,4,3,3,positivo
The_Pope,17.6,76561198128190056,plague inc: evolved,"I clciked buy and started playing, not knowing that this game would turn me INSANE! I started playing evolving my lague, that night i got sick. I wondered,""have i been infected, will i kill off the world, i could die at any minute, ANY MINUTE! I started getting worried, i spent the whole week trying to get ridd of the disease. My mom finally took me to the doctor, it turns out it was only the common cold, OR IS IT!!!!!!!!!!","['Strategy', 'Simulation', 'Indie', 'Singleplayer', 'Multiplayer', 'Zombies', 'Casual', 'Tactical', 'Replay Value', 'Post-apocalyptic', 'Realistic', 'Atmospheric', '2D', 'Co-op', 'Sandbox', 'Difficult', 'Survival', 'Horror', 'Action', 'Adventure']",Very Positive,Ndemic Creations,4,5,5,4,negativo
Qusia,4.2,76561197977260303,plague inc: evolved,No.,"['Strategy', 'Simulation', 'Indie', 'Singleplayer', 'Multiplayer', 'Zombies', 'Casual', 'Tactical', 'Replay Value', 'Post-apocalyptic', 'Realistic', 'Atmospheric', '2D', 'Co-op', 'Sandbox', 'Difficult', 'Survival', 'Horror', 'Action', 'Adventure']",Very Positive,Ndemic Creations,0,1,1,2,negativo
MrJamesBondage,2.9,76561198198066602,plague inc: evolved,"1) f*ck greenland 2) screw you bacteria 3) screw the cure.. I swear this game got harder since I played it on mobile, cant get past bacteria at all, so literally cant play any other disease.... 10/10 would rage again","['Strategy', 'Simulation', 'Indie', 'Singleplayer', 'Multiplayer', 'Zombies', 'Casual', 'Tactical', 'Replay Value', 'Post-apocalyptic', 'Realistic', 'Atmospheric', '2D', 'Co-op', 'Sandbox', 'Difficult', 'Survival', 'Horror', 'Action', 'Adventure']",Very Positive,Ndemic Creations,2,4,3,4,negativo
gerwald,7.1,76561198119065125,plague inc: evolved,Nice game :D +good multiplayer +fun +a lot of ways to win +ranking worth this 14.99e,"['Strategy', 'Simulation', 'Indie', 'Singleplayer', 'Multiplayer', 'Zombies', 'Casual', 'Tactical', 'Replay Value', 'Post-apocalyptic', 'Realistic', 'Atmospheric', '2D', 'Co-op', 'Sandbox', 'Difficult', 'Survival', 'Horror', 'Action', 'Adventure']",Very Positive,Ndemic Creations,2,5,4,3,positivo
Jay-TS,12.9,76561198000120998,plague inc: evolved,"I really like the gameplay, different plagues have different ways of winning. I especially like the neurex worm because that has a total different skillset than all other plagues. I wish all of them have more unique characteristics/skill trees like the neurex worm. As for suggestions: possibly add different conditions for winning the game, instead of just kill all humans. However, I know it's still early access but anyway it is a brilliant and fun game! Can't wait to play with the full version","['Strategy', 'Simulation', 'Indie', 'Singleplayer', 'Multiplayer', 'Zombies', 'Casual', 'Tactical', 'Replay Value', 'Post-apocalyptic', 'Realistic', 'Atmospheric', '2D', 'Co-op', 'Sandbox', 'Difficult', 'Survival', 'Horror', 'Action', 'Adventure']",Very Positive,Ndemic Creations,3,4,4,3,positivo
epag,34.5,76561198166151713,plague inc: evolved,awsome game,"['Strategy', 'Simulation', 'Indie', 'Singleplayer', 'Multiplayer', 'Zombies', 'Casual', 'Tactical', 'Replay Value', 'Post-apocalyptic', 'Realistic', 'Atmospheric', '2D', 'Co-op', 'Sandbox', 'Difficult', 'Survival', 'Horror', 'Action', 'Adventure']",Very Positive,Ndemic Creations,2,5,4,3,positivo
WearierBeast532,49.4,76561198091733265,plague inc: evolved,its awsome buy it play it,"['Strategy', 'Simulation', 'Indie', 'Singleplayer', 'Multiplayer', 'Zombies', 'Casual', 'Tactical', 'Replay Value', 'Post-apocalyptic', 'Realistic', 'Atmospheric', '2D', 'Co-op', 'Sandbox', 'Difficult', 'Survival', 'Horror', 'Action', 'Adventure']",Very Positive,Ndemic Creations,2,5,4,3,positivo
QueenS,15.7,76561198317260290,plague inc: evolved,"This is perhaps a little pricey considering a lot of the strategy is the same throughout a lot of levels, but the ability to make your own levels and play other people's (home?) made levels is really really cool, so if that sort of thing appeals to you, it's probably worth it.","['Strategy', 'Simulation', 'Indie', 'Singleplayer', 'Multiplayer', 'Zombies', 'Casual', 'Tactical', 'Replay Value', 'Post-apocalyptic', 'Realistic', 'Atmospheric', '2D', 'Co-op', 'Sandbox', 'Difficult', 'Survival', 'Horror', 'Action', 'Adventure']",Very Positive,Ndemic Creations,2,4,4,3,positivo
Senortubbs,20.4,76561198007206147,plague inc: evolved,"Fairly dark, but really fun and strangely addictive (or should I say infective). Buy this game and have some fun with it.","['Strategy', 'Simulation', 'Indie', 'Singleplayer', 'Multiplayer', 'Zombies', 'Casual', 'Tactical', 'Replay Value', 'Post-apocalyptic', 'Realistic', 'Atmospheric', '2D', 'Co-op', 'Sandbox', 'Difficult', 'Survival', 'Horror', 'Action', 'Adventure']",Very Positive,Ndemic Creations,3,5,4,3,positivo
The Pyroshark,105.8,76561198170227334,plague inc: evolved,"Really good! Espcially with the scenario creator. Unfortuantely, now I hate Greenland.","['Strategy', 'Simulation', 'Indie', 'Singleplayer', 'Multiplayer', 'Zombies', 'Casual', 'Tactical', 'Replay Value', 'Post-apocalyptic', 'Realistic', 'Atmospheric', '2D', 'Co-op', 'Sandbox', 'Difficult', 'Survival', 'Horror', 'Action', 'Adventure']",Very Positive,Ndemic Creations,3,4,4,3,positivo
gws5597,48.2,76561198030920805,plague inc: evolved,Extremely addictive game.,"['Strategy', 'Simulation', 'Indie', 'Singleplayer', 'Multiplayer', 'Zombies', 'Casual', 'Tactical', 'Replay Value', 'Post-apocalyptic', 'Realistic', 'Atmospheric', '2D', 'Co-op', 'Sandbox', 'Difficult', 'Survival', 'Horror', 'Action', 'Adventure']",Very Positive,Ndemic Creations,3,5,4,3,positivo
Lukien,184.0,76561198086090674,plague inc: evolved,"I really wish this review had a sideways or 'maybe' option. Don't get me wrong, it's a fun game but there are a few things that really start to drag it down after awhile. Pros: -Who doesn't like the chance to destroy the world? -The idea is engaging and fairly original for a video game although there are alot of movies based on it. -Lots of options, the mutation choices alone will give you lots of action and challenge. -The developer has added extra info pieces for people who like lore or get tired of the 'start and go here' style of play. -Love the movie based pathogens, they added a bit of extra fun and also more options than mutate or die. Cons: -The tutorial option is still under development. I can understand that they wanted to get this out and start making money but not adding the basic beginner's guide is lazy in my opinion. -Constant overhead view of the world. You can zoom in on single countries but not down into the actual streets to see what's happening. -The countries need more info in their tabs! It would have been helpful especially at the beginning to figure out why my pathogen wouldn't spread in certain countries. -Show the whole list of mutations from the start-not after you mutate the item before it. Would help with choosing a path and style of play. -Change up the pathogens a bit, several of them have the same or very similiar options. Change some of them and add more content similiar to the movie based pathogens. To wrap it all up, I had a great time playing this game. It was fun and intriguing for quite awhile but once you beat it that's it. There really isn't much more to do after beating the main game/scenarios. Nothing really changes past the way you mutate your pathogen. If I could do this all over again I'd probably wait for a sale when it's at or under 5 dollars unless they come out with more content/finish the game.","['Strategy', 'Simulation', 'Indie', 'Singleplayer', 'Multiplayer', 'Zombies', 'Casual', 'Tactical', 'Replay Value', 'Post-apocalyptic', 'Realistic', 'Atmospheric', '2D', 'Co-op', 'Sandbox', 'Difficult', 'Survival', 'Horror', 'Action', 'Adventure']",Very Positive,Ndemic Creations,4,3,4,3,neutral
ShuShu,50.6,76561197995379071,plague inc: evolved,Fun game for casual time wasting.,"['Strategy', 'Simulation', 'Indie', 'Singleplayer', 'Multiplayer', 'Zombies', 'Casual', 'Tactical', 'Replay Value', 'Post-apocalyptic', 'Realistic', 'Atmospheric', '2D', 'Co-op', 'Sandbox', 'Difficult', 'Survival', 'Horror', 'Action', 'Adventure']",Very Positive,Ndemic Creations,2,4,3,3,positivo
76561198081856511,22.1,76561198081856511,plague inc: evolved,Fun game to play when your♥♥♥♥♥♥♥♥of at the world.,"['Strategy', 'Simulation', 'Indie', 'Singleplayer', 'Multiplayer', 'Zombies', 'Casual', 'Tactical', 'Replay Value', 'Post-apocalyptic', 'Realistic', 'Atmospheric', '2D', 'Co-op', 'Sandbox', 'Difficult', 'Survival', 'Horror', 'Action', 'Adventure']",Very Positive,Ndemic Creations,2,4,3,3,positivo
Dark Josh NZ,24.1,76561198024826675,plague inc: evolved,Many hours to be lost playing this. You too can live out your fantasy of being the evil scientist who tries to end the world!,"['Strategy', 'Simulation', 'Indie', 'Singleplayer', 'Multiplayer', 'Zombies', 'Casual', 'Tactical', 'Replay Value', 'Post-apocalyptic', 'Realistic', 'Atmospheric', '2D', 'Co-op', 'Sandbox', 'Difficult', 'Survival', 'Horror', 'Action', 'Adventure']",Very Positive,Ndemic Creations,4,5,4,3,positivo
Monkey Mouth,1.0,76561198067198869,plague inc: evolved,"Over-pricing is the biggest issue; the content to cost ratio - considering they get lots of money from the mobile app - is drastically out of balance. It gets highly repetative and after not very long, highly boring. I guess, if nothing else, it's a very aquired taste.","['Strategy', 'Simulation', 'Indie', 'Singleplayer', 'Multiplayer', 'Zombies', 'Casual', 'Tactical', 'Replay Value', 'Post-apocalyptic', 'Realistic', 'Atmospheric', '2D', 'Co-op', 'Sandbox', 'Difficult', 'Survival', 'Horror', 'Action', 'Adventure']",Very Positive,Ndemic Creations,2,2,3,3,negativo
Glitchmaster1872,27.5,76561198026636405,plague inc: evolved,"Great game. What people dont know is what the original was like. I remember playing Pandemic and Pandemic 2 in 2008. ""The goal of this game is no longer to destroy the planet, but to infect Madagascar"" -MatcHoMetriC, from the Kongregate comments.","['Strategy', 'Simulation', 'Indie', 'Singleplayer', 'Multiplayer', 'Zombies', 'Casual', 'Tactical', 'Replay Value', 'Post-apocalyptic', 'Realistic', 'Atmospheric', '2D', 'Co-op', 'Sandbox', 'Difficult', 'Survival', 'Horror', 'Action', 'Adventure']",Very Positive,Ndemic Creations,3,4,4,3,positivo
rognertholl,2.7,76561198081297099,plague inc: evolved,"this game is super fun for about as many minutes as you pays dollers. if the price goes down by like 70%, than maybe you should buy this..... maybe.","['Strategy', 'Simulation', 'Indie', 'Singleplayer', 'Multiplayer', 'Zombies', 'Casual', 'Tactical', 'Replay Value', 'Post-apocalyptic', 'Realistic', 'Atmospheric', '2D', 'Co-op', 'Sandbox', 'Difficult', 'Survival', 'Horror', 'Action', 'Adventure']",Very Positive,Ndemic Creations,1,3,2,2,neutral
Loser,31.7,76561198124688218,plague inc: evolved,"This is an amazing game. My mom and I love it and we've played almost 9 hours this first week of us having it! (Just saying this, it's the first game she really likes since civ 3) I'v even made a series out of this! If you like the online game pandemic, this is that on steroids, basically. Near flawless 10/10","['Strategy', 'Simulation', 'Indie', 'Singleplayer', 'Multiplayer', 'Zombies', 'Casual', 'Tactical', 'Replay Value', 'Post-apocalyptic', 'Realistic', 'Atmospheric', '2D', 'Co-op', 'Sandbox', 'Difficult', 'Survival', 'Horror', 'Action', 'Adventure']",Very Positive,Ndemic Creations,3,5,4,3,positivo
The Waka Mouse,6.6,76561198046805427,planetary annihilation: titans,"This is a really great game if you enjoy large scale RTS games like Supreme Commander FA. Only, this game takes place across entire solar systems. Planet on planet action. All the fun of Sci-Fi included! Asteroid-flinging, super-laser sharp-shooting, core-melting fun!","['Strategy', 'RTS', 'Multiplayer', 'Space', 'Sci-fi', 'Robots', 'Base Building', 'War', 'Co-op', 'Building', 'Action', 'Singleplayer', 'Open World', 'Grand Strategy', 'Indie', 'Futuristic', 'Mechs', 'Destruction', 'Casual', 'Great Soundtrack']",Mostly Positive,Uber Entertainment,3,5,4,3,positivo
Qui-Gon Jinn,29.6,76561198185354711,planetary annihilation: titans,This game is very very fun but crashes so many times. its not just my computer that it happens to,"['Strategy', 'RTS', 'Multiplayer', 'Space', 'Sci-fi', 'Robots', 'Base Building', 'War', 'Co-op', 'Building', 'Action', 'Singleplayer', 'Open World', 'Grand Strategy', 'Indie', 'Futuristic', 'Mechs', 'Destruction', 'Casual', 'Great Soundtrack']",Mostly Positive,Uber Entertainment,2,3,3,3,neutral
[WTFH] ragnar_greymane,18.2,76561198005409275,planetary annihilation: titans,"Hello possible commanders, so I shall ""judge"" this game. Judging is a personal thing, so here are my impressions: We all hailed supreme commander. So very different units, so many commander upgrades. With expansions, some things became quite imbalanced if you rushed them. Scale and performance had always been an issue (I had no 1000 $ for a top notch gaming machine). Planetary Annihilation has all those units, but makes them available for all. Now it is up to you to crush your enemy with titans, flood him with mechs, bomb him to the ground, nuke him to death, crush him under the tires and chains of yourt tanks or eradicate the planet he dwells on (preferably you have a transport or ""warpgate"" if you also happen to dwell on that planet) with an asteroid, a moon, or a planet-killer gun. It also has: strategic flexibility a factor of randomness (galactic war) balance: if the enemy has warships, you have a simple defense gun that mows the orbit free  Because I am a beta backer, I have no idea how many skins are for free, but they are mostly cosmetic. The available basic commanders have the same armament for free. Then comes planetary annihilation. I was one of the beta buyers/testers. There were good days, there were sad days. There were bugs. Unfinished units. Planetary travel problems (you had no idea how to do it)... and so on. Considering bugs (and with the AI): They fixed them, made it a funny yet sometimes hard game when the AI came killing you wit a super army. (Only one time an enemy subcommander marched directly onto my warships. The idea was good - they had no underwater defense. Problem - massive firepower and single target enemy. So not a real bug but you might think it was one.) Planetary Annihilation: Titans has not disappointed me. Get it for the special offer price, it is totally worth it. If you like the genre and loved supreme commander - get it as well. Some thoughts: Planetary scale - no other game has it. Warp in reinforcements? Why not fly them from another planet. Or deliver them via planet (not recommended) Nuclear missile - meh. Why not crush the enemy with an asteroid? Or two? We still have those tough 2d maps, her you get a whole solar system. As of yet, I have to discover any AI unfairness. Concerning dlc, i have seen no such thing, just got some free commander skins. Or models. Scouts are useful. Radar is useful. If you use them, it is very easy to find your enemy. On larger planets tough, it takes some time to find the opposition - because the radar has limited range. Also, I have yet to play on a world that was covered to more than 40% with water. As I play the game, i will update the review. (UPDATE 1) Great game. Really funny moments, where i died in the campaign, yes, you can call it that, because I pressed the planetary ignition button. Stupid tough, because my escape ship was shot down and the teleport was on the target planet. Compared to many other games, the ""galactic war"" is a campaign. I call it that, read the information on each planet and enemy commander, and decide for yourself. (UPDATE 2) Played some intergalactic Maps with aquatic planets. Works awesomely smooth. Water land transition is neatless and all working just fine. Teleporters are really useful and fun - even on a single planet when you want to install a beachhead infront of your enemies base because a mountan blocks his artillery. Orbital teleport titans are also really fantastic - invasion on a new level. You should shield the more valuable assault titan with ""replaceable"" interstallar ships tough - 3 basic space defense buildings wreck your priceless armada in a second. Also, for the first time, used the planetkiller (metal planet with 5 catalyst units) on a moving planetary object. Really and imply epic. YOu even can deploy or move units off that rock or out of its orbit in mere seconds before the impact.","['Strategy', 'RTS', 'Multiplayer', 'Space', 'Sci-fi', 'Robots', 'Base Building', 'War', 'Co-op', 'Building', 'Action', 'Singleplayer', 'Open World', 'Grand Strategy', 'Indie', 'Futuristic', 'Mechs', 'Destruction', 'Casual', 'Great Soundtrack']",Mostly Positive,Uber Entertainment,4,5,4,3,positivo
Carlton Theodore banks,1.4,76561198215309951,planetary annihilation: titans,it was good but i got it on sale woudnt pay full price its something ill come back to but there isnt enough to make me really wanna stick around i would say pick this up when its on sale.,"['Strategy', 'RTS', 'Multiplayer', 'Space', 'Sci-fi', 'Robots', 'Base Building', 'War', 'Co-op', 'Building', 'Action', 'Singleplayer', 'Open World', 'Grand Strategy', 'Indie', 'Futuristic', 'Mechs', 'Destruction', 'Casual', 'Great Soundtrack']",Mostly Positive,Uber Entertainment,2,3,3,2,neutral
GETOWNED420,2.0,76561198038182550,planetary annihilation: titans,"Pretty boring, played on the hardest difficulty and the ai was only sending groups of about 5 units and the odd scout plane at me in galactic conquest. You basically just build a couple generators and metal extactors then some factorys and wait till you have enough troops to rush in and kill the commander, ofen not even having to destroy much of the base. Supreme Commander did it better...","['Strategy', 'RTS', 'Multiplayer', 'Space', 'Sci-fi', 'Robots', 'Base Building', 'War', 'Co-op', 'Building', 'Action', 'Singleplayer', 'Open World', 'Grand Strategy', 'Indie', 'Futuristic', 'Mechs', 'Destruction', 'Casual', 'Great Soundtrack']",Mostly Positive,Uber Entertainment,1,2,2,3,negativo
Calpha,29.3,76561198061037588,planetary annihilation: titans,"Titians is a decent expansion, it adds some desperately needed depth to orbital warfare with battleships, rail gun platforms, add the invasion titan which is a teleporter in space that allows you to beam your units directly to the planter's surface. The  new advanced tank The Manhattan is a slow moving suicide bomber nuke, and the new air units consist of a flying solar generator, a heavily armored bomber, and a support platform. The titans themselves are very fun to use and are well balanced. My favorite is the Atlas titan which can devastate t1 armies and bases with its earthquake attacks. And the Ragnarok titan is more of a superweapon then a unit. Once built it will drill into the planet's core and destroy it instantly, which allows for some fun new gameplay challenges. If you liked the original PA but thought that it like a little depth then titans is the expansion for you.","['Strategy', 'RTS', 'Multiplayer', 'Space', 'Sci-fi', 'Robots', 'Base Building', 'War', 'Co-op', 'Building', 'Action', 'Singleplayer', 'Open World', 'Grand Strategy', 'Indie', 'Futuristic', 'Mechs', 'Destruction', 'Casual', 'Great Soundtrack']",Mostly Positive,Uber Entertainment,3,4,4,3,positivo
WhaCky,1.0,76561198118782749,planetary annihilation: titans,Still have not got the game running but i hope it will be good once it will,"['Strategy', 'RTS', 'Multiplayer', 'Space', 'Sci-fi', 'Robots', 'Base Building', 'War', 'Co-op', 'Building', 'Action', 'Singleplayer', 'Open World', 'Grand Strategy', 'Indie', 'Futuristic', 'Mechs', 'Destruction', 'Casual', 'Great Soundtrack']",Mostly Positive,Uber Entertainment,2,2,2,2,neutral
Almond,589.7,76561198114226950,planetary annihilation: titans,"AMAZING, if you have friends to beat up in it. tip: if all else fails, build another nuke. (all else is a nuke)","['Strategy', 'RTS', 'Multiplayer', 'Space', 'Sci-fi', 'Robots', 'Base Building', 'War', 'Co-op', 'Building', 'Action', 'Singleplayer', 'Open World', 'Grand Strategy', 'Indie', 'Futuristic', 'Mechs', 'Destruction', 'Casual', 'Great Soundtrack']",Mostly Positive,Uber Entertainment,2,5,4,3,positivo
MR_JIBLETS,1.9,76561198092325338,planetary annihilation: titans,"This game is brilliant, if you bought it for 5 bucks in a steam sale which i happened to do. HOWEVER ASKING PEOPLE TO PAY $40 US?!?! yeah nah buy another game. i still like this game just buy it on sale","['Strategy', 'RTS', 'Multiplayer', 'Space', 'Sci-fi', 'Robots', 'Base Building', 'War', 'Co-op', 'Building', 'Action', 'Singleplayer', 'Open World', 'Grand Strategy', 'Indie', 'Futuristic', 'Mechs', 'Destruction', 'Casual', 'Great Soundtrack']",Mostly Positive,Uber Entertainment,2,4,3,3,positivo
stormtroper,85.4,76561198325848022,planetary annihilation: titans,One of the best games I have ever played,"['Strategy', 'RTS', 'Multiplayer', 'Space', 'Sci-fi', 'Robots', 'Base Building', 'War', 'Co-op', 'Building', 'Action', 'Singleplayer', 'Open World', 'Grand Strategy', 'Indie', 'Futuristic', 'Mechs', 'Destruction', 'Casual', 'Great Soundtrack']",Mostly Positive,Uber Entertainment,3,5,4,3,positivo
Nozzin,18.9,76561198077162874,planetary annihilation: titans,Great game enjoying it alot!,"['Strategy', 'RTS', 'Multiplayer', 'Space', 'Sci-fi', 'Robots', 'Base Building', 'War', 'Co-op', 'Building', 'Action', 'Singleplayer', 'Open World', 'Grand Strategy', 'Indie', 'Futuristic', 'Mechs', 'Destruction', 'Casual', 'Great Soundtrack']",Mostly Positive,Uber Entertainment,2,5,4,3,positivo
Totalnoobplayuh1245,51.2,76561198110022803,planetary annihilation: titans,Good game... The Standalone part could have added some more than just a few units but its loads of fun!,"['Strategy', 'RTS', 'Multiplayer', 'Space', 'Sci-fi', 'Robots', 'Base Building', 'War', 'Co-op', 'Building', 'Action', 'Singleplayer', 'Open World', 'Grand Strategy', 'Indie', 'Futuristic', 'Mechs', 'Destruction', 'Casual', 'Great Soundtrack']",Mostly Positive,Uber Entertainment,2,4,3,3,positivo
Ulysses Everett McGill,9.9,76561198037555486,planetary annihilation: titans,"Decent game but it flickers if you have a half decent screen, hoping devs will fix it but currently is barely playable for me","['Strategy', 'RTS', 'Multiplayer', 'Space', 'Sci-fi', 'Robots', 'Base Building', 'War', 'Co-op', 'Building', 'Action', 'Singleplayer', 'Open World', 'Grand Strategy', 'Indie', 'Futuristic', 'Mechs', 'Destruction', 'Casual', 'Great Soundtrack']",Mostly Positive,Uber Entertainment,2,3,3,2,neutral
oceanmango,101.2,76561198143213495,planetary annihilation: titans,"hold on hold, if you are reading this and still unsure about this game you are 100% ♥♥♥♥♥♥♥♥ i was unsure until i bought it on summer sale WARNING YOU WONT LEAVE THIS GAME WHEN YOU PLAY IT AND KNOW ITS MECHANICS this game is the definition if terrorists in 2069 and destroying planets and bots this game is pure fun i would recommend playing it with your friends and no you cannot teleport titans","['Strategy', 'RTS', 'Multiplayer', 'Space', 'Sci-fi', 'Robots', 'Base Building', 'War', 'Co-op', 'Building', 'Action', 'Singleplayer', 'Open World', 'Grand Strategy', 'Indie', 'Futuristic', 'Mechs', 'Destruction', 'Casual', 'Great Soundtrack']",Mostly Positive,Uber Entertainment,3,5,4,3,positivo
kyle.bowden4,37.2,76561198183177437,planetary annihilation: titans,"Great game! Impresively deep with its strategy and play style. I like the fact that combat can take place on land, sea, air, and orbital. Makes for some great options. My only complaint (which is shared by many, I'm sure) is that there are no different factions to force play style. That's really all a faction is: a forced change in play-style and artistic theme. While the change in artistic theme isn't an option, the different ways to play was many. You can build nothing but builders and defenses, then nuke the world into submission (like the terran's from StarCraft). You can spam cheap units early on and try to rush them (Zerg). Or you can build a massive air army and slowly glass the planet (Protos). So, while you're not forced into options, you're also not giving away your play-style with your faction. Give and take. Would recommend.","['Strategy', 'RTS', 'Multiplayer', 'Space', 'Sci-fi', 'Robots', 'Base Building', 'War', 'Co-op', 'Building', 'Action', 'Singleplayer', 'Open World', 'Grand Strategy', 'Indie', 'Futuristic', 'Mechs', 'Destruction', 'Casual', 'Great Soundtrack']",Mostly Positive,Uber Entertainment,2,4,4,3,positivo
BluRRayS,43.8,76561198132970213,planetary annihilation: titans,A really nice RTS with many differnt units and strategies!,"['Strategy', 'RTS', 'Multiplayer', 'Space', 'Sci-fi', 'Robots', 'Base Building', 'War', 'Co-op', 'Building', 'Action', 'Singleplayer', 'Open World', 'Grand Strategy', 'Indie', 'Futuristic', 'Mechs', 'Destruction', 'Casual', 'Great Soundtrack']",Mostly Positive,Uber Entertainment,2,4,3,3,positivo
"Stardac, Ascended",36.2,76561198021537377,planetary annihilation: titans,"This game is what I like to call America Simulator 2015 because it's a game where you dominate the universe and destroy your friends with Weapons of Mass Destruction that you don't actually have enough resources to produce. You get into deep debt as you try to make more government funded installations and in the end it's a race to see which player can get more obese army-wise without having a total recession and falling behind your opponent who is only doing slightly better. 10/10 Give me more of them sweet, beefy Omegas that cost more money per unit than 20 nuclear missile silos and take so long to produce that I could make my fortune on some very well aged wine. Seriously though the game is pretty great especially if you have friends. It's an RTS that never stops. No turns, no pauses. Only constant production and managment. You can make your own planetary systems and you can watch the battles that unfold between units. The most fun I ever had playing this game was when I launched a small planet into the planet that one of my friends was on. He had no clue what had happened and he was really salty. I highly recommend this game, especially if you are good at multitasking.","['Strategy', 'RTS', 'Multiplayer', 'Space', 'Sci-fi', 'Robots', 'Base Building', 'War', 'Co-op', 'Building', 'Action', 'Singleplayer', 'Open World', 'Grand Strategy', 'Indie', 'Futuristic', 'Mechs', 'Destruction', 'Casual', 'Great Soundtrack']",Mostly Positive,Uber Entertainment,3,5,4,4,positivo
 Xander ,1.6,76561198025162775,planetary annihilation: titans,"Bought this and regreted it. I read the reviews and thought, ""okay if they've removed the bugs, and they need the money."" But they haven't removed the bugs. I played the tutorial, but they game wouldn't recognize that I had finished it and move on the the next. Then it could not actually start any gameplay in multiplayer or skirmish. The game runs on the exact same mods as the old game. This isn't a new game at all. It's an update with new units that don't sound very appealing at all. In the end, I requested and got a refund. I played on OSX, so anyone who isn't a Microfanboy watch out, and steer clear.","['Strategy', 'RTS', 'Multiplayer', 'Space', 'Sci-fi', 'Robots', 'Base Building', 'War', 'Co-op', 'Building', 'Action', 'Singleplayer', 'Open World', 'Grand Strategy', 'Indie', 'Futuristic', 'Mechs', 'Destruction', 'Casual', 'Great Soundtrack']",Mostly Positive,Uber Entertainment,1,1,1,2,negativo
Palladiun,15.4,76561198223719872,planetary annihilation: titans,"underrated and a seriously good game. Active community, but has some balancing options","['Strategy', 'RTS', 'Multiplayer', 'Space', 'Sci-fi', 'Robots', 'Base Building', 'War', 'Co-op', 'Building', 'Action', 'Singleplayer', 'Open World', 'Grand Strategy', 'Indie', 'Futuristic', 'Mechs', 'Destruction', 'Casual', 'Great Soundtrack']",Mostly Positive,Uber Entertainment,2,4,3,3,positivo
fluffydoish,7.8,76561198295816131,planetary annihilation: titans,game is really fun because you can destroy planets by smashing meteors into them and anhialate your enemy with world class titan units WARNING DEVS ARE MEAN p.s dont buy it for $50 buy it on boxing day for $10 like i did,"['Strategy', 'RTS', 'Multiplayer', 'Space', 'Sci-fi', 'Robots', 'Base Building', 'War', 'Co-op', 'Building', 'Action', 'Singleplayer', 'Open World', 'Grand Strategy', 'Indie', 'Futuristic', 'Mechs', 'Destruction', 'Casual', 'Great Soundtrack']",Mostly Positive,Uber Entertainment,2,4,4,3,positivo
benroFUCKson,12.4,76561198323950346,planetside 2,I'd think it's really good for a free FPS game but to me it feels like it needs more to it. I completely understanded it in a total of 2 hours of playing. Other than that it's one of the best games i've ever played. I kinda like that it has a bit of Black ops III in it as well. Big Thumbs up.,"['Free to Play', 'Massively Multiplayer', 'FPS', 'Action', 'Shooter', 'Open World', 'Team-Based', 'Multiplayer', 'Tactical', 'Sci-fi', 'War', 'First-Person', 'Futuristic', 'PvP', 'Co-op', 'Online Co-Op', 'Strategy', 'Space', 'Adventure', 'RPG']",Very Positive,Daybreak Game Company,3,4,4,2,positivo
Dumbo.Intensified,13.1,76561198210538205,planetside 2,"its a good game but it just gets boring, you constantly do the same mission and its just kill. its hard to get good at the game, because you get killed straight away, but, that said, it is a fun game, at first anyway.","['Free to Play', 'Massively Multiplayer', 'FPS', 'Action', 'Shooter', 'Open World', 'Team-Based', 'Multiplayer', 'Tactical', 'Sci-fi', 'War', 'First-Person', 'Futuristic', 'PvP', 'Co-op', 'Online Co-Op', 'Strategy', 'Space', 'Adventure', 'RPG']",Very Positive,Daybreak Game Company,2,3,3,4,neutral
King_Stingray,1.5,76561198056057114,planetside 2,"A fantastic example of what an open world FPS game should be. Instead of just running in to kill people, the player has to think a lot more strategically than your standard COD game. What is more exciting than being in an outfit that fights THOUSANDS of other people in a war-like fashion for several hours at a time? I can not think of any other FPS that comes remotely close to the diversity, re-playability, and enjoyability as Planetside 2.","['Free to Play', 'Massively Multiplayer', 'FPS', 'Action', 'Shooter', 'Open World', 'Team-Based', 'Multiplayer', 'Tactical', 'Sci-fi', 'War', 'First-Person', 'Futuristic', 'PvP', 'Co-op', 'Online Co-Op', 'Strategy', 'Space', 'Adventure', 'RPG']",Very Positive,Daybreak Game Company,4,5,5,3,positivo
JewBalls52,296.0,76561198028611612,planetside 2,yup,"['Free to Play', 'Massively Multiplayer', 'FPS', 'Action', 'Shooter', 'Open World', 'Team-Based', 'Multiplayer', 'Tactical', 'Sci-fi', 'War', 'First-Person', 'Futuristic', 'PvP', 'Co-op', 'Online Co-Op', 'Strategy', 'Space', 'Adventure', 'RPG']",Very Positive,Daybreak Game Company,1,4,4,3,positivo
MylIFE4ySh,212.6,76561198107090818,planetside 2,vanu has too many hacker.,"['Free to Play', 'Massively Multiplayer', 'FPS', 'Action', 'Shooter', 'Open World', 'Team-Based', 'Multiplayer', 'Tactical', 'Sci-fi', 'War', 'First-Person', 'Futuristic', 'PvP', 'Co-op', 'Online Co-Op', 'Strategy', 'Space', 'Adventure', 'RPG']",Very Positive,Daybreak Game Company,1,2,2,3,negativo
Am=Strange,27.3,76561198288985130,planetside 2,Best game ever its a fun time consuming game,"['Free to Play', 'Massively Multiplayer', 'FPS', 'Action', 'Shooter', 'Open World', 'Team-Based', 'Multiplayer', 'Tactical', 'Sci-fi', 'War', 'First-Person', 'Futuristic', 'PvP', 'Co-op', 'Online Co-Op', 'Strategy', 'Space', 'Adventure', 'RPG']",Very Positive,Daybreak Game Company,2,5,4,3,positivo
Ballsack of God,322.6,76561198116184250,planetside 2,one of a kind...just needs to be more noob friendly,"['Free to Play', 'Massively Multiplayer', 'FPS', 'Action', 'Shooter', 'Open World', 'Team-Based', 'Multiplayer', 'Tactical', 'Sci-fi', 'War', 'First-Person', 'Futuristic', 'PvP', 'Co-op', 'Online Co-Op', 'Strategy', 'Space', 'Adventure', 'RPG']",Very Positive,Daybreak Game Company,2,4,4,3,positivo
[MACS] MePhizto / DaManiac,7040.7,76561198030681888,planetside 2,Ahead of its time. Will we ever see a Planetside 3? Let's hope so.,"['Free to Play', 'Massively Multiplayer', 'FPS', 'Action', 'Shooter', 'Open World', 'Team-Based', 'Multiplayer', 'Tactical', 'Sci-fi', 'War', 'First-Person', 'Futuristic', 'PvP', 'Co-op', 'Online Co-Op', 'Strategy', 'Space', 'Adventure', 'RPG']",Very Positive,Daybreak Game Company,2,4,4,3,positivo
Vici0us_,147.8,76561198202161032,planetside 2,love the game but there are times where you are in a tinny a$$ room and there are about 50 peaple in a door way (or what i like to call it the cluster f*ck) trying to get out while the other team is shooting you in the face and if thay don't kill you it will be your team mates that have killed you over all its a great game 11/10,"['Free to Play', 'Massively Multiplayer', 'FPS', 'Action', 'Shooter', 'Open World', 'Team-Based', 'Multiplayer', 'Tactical', 'Sci-fi', 'War', 'First-Person', 'Futuristic', 'PvP', 'Co-op', 'Online Co-Op', 'Strategy', 'Space', 'Adventure', 'RPG']",Very Positive,Daybreak Game Company,3,5,4,3,positivo
Jocur,1827.3,76561198010833314,planetside 2,"FPS on a grand scale. Get in, get an outfit and follow orders....it helps with the learning curve which can be a little tough running solo. If you end up on the connery server as a vs look for S3X1 great ppl and very helpful!","['Free to Play', 'Massively Multiplayer', 'FPS', 'Action', 'Shooter', 'Open World', 'Team-Based', 'Multiplayer', 'Tactical', 'Sci-fi', 'War', 'First-Person', 'Futuristic', 'PvP', 'Co-op', 'Online Co-Op', 'Strategy', 'Space', 'Adventure', 'RPG']",Very Positive,Daybreak Game Company,2,4,4,3,positivo
banana_pyre,25.8,76561198133986797,planetside 2,lag issues real bad have fun,"['Free to Play', 'Massively Multiplayer', 'FPS', 'Action', 'Shooter', 'Open World', 'Team-Based', 'Multiplayer', 'Tactical', 'Sci-fi', 'War', 'First-Person', 'Futuristic', 'PvP', 'Co-op', 'Online Co-Op', 'Strategy', 'Space', 'Adventure', 'RPG']",Very Positive,Daybreak Game Company,1,2,2,3,negativo
fanjules,624.4,76561198055027129,planetside 2,"Simply one of the best MOOFPS game out there.  There are few other games where you can be slugging it out in the streets hand to hand to take a base, then be racing across several km of terrain in a tank to meet the enemy counter attack, before engaging in dogfights and close air support.  Don't be put off by the pew-pew lasers, what lies here is one of the greatest combat experiences known to man. Sure, it can be frustrating and there are often dull periods, but this is a by-product of such a large world and offers the flipside of offering some amazing gaming experiences you won't find anywhere else.  I would say in 30 years of gaming I've shouted ""OMG!"" in this game more than any other with my jaw on the floor at some of the sights you will see... As a newbie rookie grunt life is hard and you will get♥♥♥♥♥whooped almost constantly at first, but there are so many niches where you can start to notch up kills.  With experience your skill set will increase and you'll find new ways to slaughter, and I'm still finding new ways to wreck havoc even today. Lastly, there is a huge level of comradeship in this game, everybody helps each other even for mundane tasks such as offering repairs, giving ammunition, or offering rides.","['Free to Play', 'Massively Multiplayer', 'FPS', 'Action', 'Shooter', 'Open World', 'Team-Based', 'Multiplayer', 'Tactical', 'Sci-fi', 'War', 'First-Person', 'Futuristic', 'PvP', 'Co-op', 'Online Co-Op', 'Strategy', 'Space', 'Adventure', 'RPG']",Very Positive,Daybreak Game Company,3,5,5,4,positivo
Background Music,17.4,76561198126783889,planetside 2,kool,"['Free to Play', 'Massively Multiplayer', 'FPS', 'Action', 'Shooter', 'Open World', 'Team-Based', 'Multiplayer', 'Tactical', 'Sci-fi', 'War', 'First-Person', 'Futuristic', 'PvP', 'Co-op', 'Online Co-Op', 'Strategy', 'Space', 'Adventure', 'RPG']",Very Positive,Daybreak Game Company,1,4,4,3,positivo
Bort Sampson,8.3,76561198128294204,planetside 2,"this is a very fun game, it can backlog at times, but its overall very fun, and when you spawn at the center, it can take a long time for you to get to a fight. i would have to say 7/10","['Free to Play', 'Massively Multiplayer', 'FPS', 'Action', 'Shooter', 'Open World', 'Team-Based', 'Multiplayer', 'Tactical', 'Sci-fi', 'War', 'First-Person', 'Futuristic', 'PvP', 'Co-op', 'Online Co-Op', 'Strategy', 'Space', 'Adventure', 'RPG']",Very Positive,Daybreak Game Company,2,4,3,3,positivo
Flubbred,523.3,76561198236813812,planetside 2,"Great game. I played it for over 250 hours but on webside, not on steam. And why would you pay 15 dollars for CS GO when you can play this for free, And no it is not pay2win. All you buy is cosmetics and better looking guns, and even boosts. But who needs boosts anyway. DUHH","['Free to Play', 'Massively Multiplayer', 'FPS', 'Action', 'Shooter', 'Open World', 'Team-Based', 'Multiplayer', 'Tactical', 'Sci-fi', 'War', 'First-Person', 'Futuristic', 'PvP', 'Co-op', 'Online Co-Op', 'Strategy', 'Space', 'Adventure', 'RPG']",Very Positive,Daybreak Game Company,2,5,4,3,positivo
CTRL.,0.3,76561198253674956,planetside 2,Awesome game and it's f2p!,"['Free to Play', 'Massively Multiplayer', 'FPS', 'Action', 'Shooter', 'Open World', 'Team-Based', 'Multiplayer', 'Tactical', 'Sci-fi', 'War', 'First-Person', 'Futuristic', 'PvP', 'Co-op', 'Online Co-Op', 'Strategy', 'Space', 'Adventure', 'RPG']",Very Positive,Daybreak Game Company,2,5,4,3,positivo
Geostriker,26.8,76561198346607706,planetside 2,"Greetings! i have been so involved in this game for two days now, easily ranking to 12 but there have been things that i found infuriating. First off, the controles for driving and fly are very broken, i have adjusted the driving sensitivity for flying and driving but still have seen no difference. Next, this might be a common dislike, but gaining certs can be very tiring. Then the next problem i run to is battling stronger opponents and some unbalanced between the factions. But other than that, this game is pretty amazing. Wait, the toturial can be a bit more explainitive. i had not know that i could hold my breath while sniping until the second day. And it still feels like i still do not know half of the game. But other than that, this game was a great experience! Would recommend to other gamers who are fans of FPS and open world(kinda).","['Free to Play', 'Massively Multiplayer', 'FPS', 'Action', 'Shooter', 'Open World', 'Team-Based', 'Multiplayer', 'Tactical', 'Sci-fi', 'War', 'First-Person', 'Futuristic', 'PvP', 'Co-op', 'Online Co-Op', 'Strategy', 'Space', 'Adventure', 'RPG']",Very Positive,Daybreak Game Company,3,3,4,3,positivo
raphaelkapra,51.9,76561198201421357,planetside 2,"It's a war game, with war and death, rage and fear. 10/10 would rage again :)","['Free to Play', 'Massively Multiplayer', 'FPS', 'Action', 'Shooter', 'Open World', 'Team-Based', 'Multiplayer', 'Tactical', 'Sci-fi', 'War', 'First-Person', 'Futuristic', 'PvP', 'Co-op', 'Online Co-Op', 'Strategy', 'Space', 'Adventure', 'RPG']",Very Positive,Daybreak Game Company,3,5,4,3,positivo
GroovyGuy,19.7,76561198066495381,planetside 2,Pay to win.,"['Free to Play', 'Massively Multiplayer', 'FPS', 'Action', 'Shooter', 'Open World', 'Team-Based', 'Multiplayer', 'Tactical', 'Sci-fi', 'War', 'First-Person', 'Futuristic', 'PvP', 'Co-op', 'Online Co-Op', 'Strategy', 'Space', 'Adventure', 'RPG']",Very Positive,Daybreak Game Company,1,2,2,3,negativo
TheBigIfromGA,64.7,76561198172756374,planetside 2,"Fantastic game. I love large scaled tactical shooters, and this game definitely fulfills that love. Multiple classes for different player types. The graphics, despite being 5 years old, are still fantastic and better than 90% of tripple A games made in 2017. The large scale battles feel like you're actually in the middle of a real war, and are more hectic than a CoD campagin. I like the teamwork is paramount and encouraged. Overall a phenomenal game, and would definitely recommend. It's also fantastically optimized. I have a GTX 1060, 97-7700K, and 8 GB of RAM and can run the game on completely maxed out settings (Including the settings in NVidia control panel) at 45-60 FPS, which may not seem like much, but compared to the scale is the game, is pretty good. My one con is that the game can get pretty buggy at times. Volumes sometimes don't work, and there are a few glitches here and there. Overall the game is 9/10, and the fact that it's free makes things even better.","['Free to Play', 'Massively Multiplayer', 'FPS', 'Action', 'Shooter', 'Open World', 'Team-Based', 'Multiplayer', 'Tactical', 'Sci-fi', 'War', 'First-Person', 'Futuristic', 'PvP', 'Co-op', 'Online Co-Op', 'Strategy', 'Space', 'Adventure', 'RPG']",Very Positive,Daybreak Game Company,3,5,5,3,positivo
ace of sp♠des,2.5,76561198010819394,poker night at the inventory,"The amount of bad beats on the ""hard"" setting defies logic, mathematics and probability. With that said, it's a fun game.","['Card Game', 'Casual', 'Comedy', 'Singleplayer', 'Funny', 'Strategy', 'Sports', 'Gambling', 'Simulation', 'Conversation', 'Touch-Friendly', 'Indie', 'Multiplayer', 'First-Person', 'Point & Click', 'Memes', 'Action']",Very Positive,Telltale Games,3,4,3,2,positivo
Tupack's,1.9,76561198074920774,poker night at the inventory,I Recommend This Game.,"['Card Game', 'Casual', 'Comedy', 'Singleplayer', 'Funny', 'Strategy', 'Sports', 'Gambling', 'Simulation', 'Conversation', 'Touch-Friendly', 'Indie', 'Multiplayer', 'First-Person', 'Point & Click', 'Memes', 'Action']",Very Positive,Telltale Games,4,4,4,2,positivo
PaladinGuy,15.6,76561198046469524,poker night at the inventory,"It's poker (Texas hold'em, to be specific) with internet celebrities where you can get stuff for Team Fortress 2. What's not to like?","['Card Game', 'Casual', 'Comedy', 'Singleplayer', 'Funny', 'Strategy', 'Sports', 'Gambling', 'Simulation', 'Conversation', 'Touch-Friendly', 'Indie', 'Multiplayer', 'First-Person', 'Point & Click', 'Memes', 'Action']",Very Positive,Telltale Games,3,5,4,2,positivo
84632644262476446647,3.3,76561198323319380,poker night at the inventory,the best game m8,"['Card Game', 'Casual', 'Comedy', 'Singleplayer', 'Funny', 'Strategy', 'Sports', 'Gambling', 'Simulation', 'Conversation', 'Touch-Friendly', 'Indie', 'Multiplayer', 'First-Person', 'Point & Click', 'Memes', 'Action']",Very Positive,Telltale Games,4,5,4,2,positivo
CrazyBanana,0.7,76561198244261462,poker night at the inventory,VERY FUNNY BUYYYYY THISSS GAMEEEEE!!@!!!!!,"['Card Game', 'Casual', 'Comedy', 'Singleplayer', 'Funny', 'Strategy', 'Sports', 'Gambling', 'Simulation', 'Conversation', 'Touch-Friendly', 'Indie', 'Multiplayer', 'First-Person', 'Point & Click', 'Memes', 'Action']",Very Positive,Telltale Games,3,5,4,2,positivo
MCBPSYCHO,15.5,76561198039071084,poker night at the inventory,A great game if you like poker =),"['Card Game', 'Casual', 'Comedy', 'Singleplayer', 'Funny', 'Strategy', 'Sports', 'Gambling', 'Simulation', 'Conversation', 'Touch-Friendly', 'Indie', 'Multiplayer', 'First-Person', 'Point & Click', 'Memes', 'Action']",Very Positive,Telltale Games,2,4,3,2,positivo
Pawn3200,0.9,76561198046182362,poker night at the inventory,"This game is fun if you like poker, plain and simple. There it nothing else to it, not that there should be, but if you are looking for something more than texas hold 'em and a few funny quotes from the characters, you should look elsewhere. As a purely poker game, I do recommend it.","['Card Game', 'Casual', 'Comedy', 'Singleplayer', 'Funny', 'Strategy', 'Sports', 'Gambling', 'Simulation', 'Conversation', 'Touch-Friendly', 'Indie', 'Multiplayer', 'First-Person', 'Point & Click', 'Memes', 'Action']",Very Positive,Telltale Games,2,4,3,2,positivo
LIL-REDDENBACHER,16.8,76561198110650531,poker night at the inventory,"Fun game, but i feel like i could play this now on a delta flight.","['Card Game', 'Casual', 'Comedy', 'Singleplayer', 'Funny', 'Strategy', 'Sports', 'Gambling', 'Simulation', 'Conversation', 'Touch-Friendly', 'Indie', 'Multiplayer', 'First-Person', 'Point & Click', 'Memes', 'Action']",Very Positive,Telltale Games,2,4,3,1,positivo
Fubez311,7.0,76561197971329278,poker night at the inventory,free tf2 items. This game wouldnt be half as bad if the Strongbad comments were limited. That character just really irks me.,"['Card Game', 'Casual', 'Comedy', 'Singleplayer', 'Funny', 'Strategy', 'Sports', 'Gambling', 'Simulation', 'Conversation', 'Touch-Friendly', 'Indie', 'Multiplayer', 'First-Person', 'Point & Click', 'Memes', 'Action']",Very Positive,Telltale Games,2,3,3,2,negativo
Cptfriz,9.7,76561198059498566,poker night at the inventory,you need some cool weps for tf2 get this it is also aditive,"['Card Game', 'Casual', 'Comedy', 'Singleplayer', 'Funny', 'Strategy', 'Sports', 'Gambling', 'Simulation', 'Conversation', 'Touch-Friendly', 'Indie', 'Multiplayer', 'First-Person', 'Point & Click', 'Memes', 'Action']",Very Positive,Telltale Games,2,4,3,2,positivo
Pandaaaa,0.3,76561198133984927,poker night at the inventory,this game is such a glitch,"['Card Game', 'Casual', 'Comedy', 'Singleplayer', 'Funny', 'Strategy', 'Sports', 'Gambling', 'Simulation', 'Conversation', 'Touch-Friendly', 'Indie', 'Multiplayer', 'First-Person', 'Point & Click', 'Memes', 'Action']",Very Positive,Telltale Games,1,2,2,1,negativo
Cyborg Kaleb,0.4,76561198094936576,poker night at the inventory,I don't even know how to play Poker.,"['Card Game', 'Casual', 'Comedy', 'Singleplayer', 'Funny', 'Strategy', 'Sports', 'Gambling', 'Simulation', 'Conversation', 'Touch-Friendly', 'Indie', 'Multiplayer', 'First-Person', 'Point & Click', 'Memes', 'Action']",Very Positive,Telltale Games,2,3,4,2,positivo
I feel like Pablo,3.8,76561198048928844,poker night at the inventory,"not worth downloading if your on a mac, with latest OSx. Constant crashes and you'll be unable to load a game. I've sent support message to the devs, but they are not interested saying a fix is being worked on. That was at the beginning of the year. Thus there will most likey be no fix for this issue anytime soon as Poker Night at the Inventory 2 is coming out soon. Its a Shame i was looking forward to play this, and possibly the future IPs of the game.","['Card Game', 'Casual', 'Comedy', 'Singleplayer', 'Funny', 'Strategy', 'Sports', 'Gambling', 'Simulation', 'Conversation', 'Touch-Friendly', 'Indie', 'Multiplayer', 'First-Person', 'Point & Click', 'Memes', 'Action']",Very Positive,Telltale Games,2,1,2,2,negativo
twitch.tv/bucket_crust suck pee,14.3,76561198089253393,poker night at the inventory,Poker + Hatz = ....POKER HATZ!! :D,"['Card Game', 'Casual', 'Comedy', 'Singleplayer', 'Funny', 'Strategy', 'Sports', 'Gambling', 'Simulation', 'Conversation', 'Touch-Friendly', 'Indie', 'Multiplayer', 'First-Person', 'Point & Click', 'Memes', 'Action']",Very Positive,Telltale Games,2,4,3,2,positivo
Kickass,3.0,76561198043404848,poker night at the inventory,I have gambling problems...,"['Card Game', 'Casual', 'Comedy', 'Singleplayer', 'Funny', 'Strategy', 'Sports', 'Gambling', 'Simulation', 'Conversation', 'Touch-Friendly', 'Indie', 'Multiplayer', 'First-Person', 'Point & Click', 'Memes', 'Action']",Very Positive,Telltale Games,2,3,3,2,negativo
WoWCymru,2.6,76561198052405807,poker night at the inventory,"I played this just for specificly for tf2 items but other then that its a more cartoony poker. You have nothing to lose reguardless. but gambling is bad for you, Unless you are a pesky rogue!","['Card Game', 'Casual', 'Comedy', 'Singleplayer', 'Funny', 'Strategy', 'Sports', 'Gambling', 'Simulation', 'Conversation', 'Touch-Friendly', 'Indie', 'Multiplayer', 'First-Person', 'Point & Click', 'Memes', 'Action']",Very Positive,Telltale Games,2,3,3,2,positivo
The Dude,5.5,76561198045824614,poker night at the inventory,Dis game be fun for when you are bored and don't have the interwebs,"['Card Game', 'Casual', 'Comedy', 'Singleplayer', 'Funny', 'Strategy', 'Sports', 'Gambling', 'Simulation', 'Conversation', 'Touch-Friendly', 'Indie', 'Multiplayer', 'First-Person', 'Point & Click', 'Memes', 'Action']",Very Positive,Telltale Games,2,4,3,1,positivo
MrPeashooter,6.4,76561198190108728,poker night at the inventory,"bad gameplay and annoying voices. after you play 3 games, the game will make you play on hard so you will lose all the time! people just want the TF2 items! I would not recommend to anyone. this game is unfair In all ways!","['Card Game', 'Casual', 'Comedy', 'Singleplayer', 'Funny', 'Strategy', 'Sports', 'Gambling', 'Simulation', 'Conversation', 'Touch-Friendly', 'Indie', 'Multiplayer', 'First-Person', 'Point & Click', 'Memes', 'Action']",Very Positive,Telltale Games,1,1,2,4,negativo
Dag,5.1,76561198161053005,poker night at the inventory,"boring dialogs,♥♥♥♥♥♥ia, needs q ♥♥♥♥ing war machine to run it just a bad promo game","['Card Game', 'Casual', 'Comedy', 'Singleplayer', 'Funny', 'Strategy', 'Sports', 'Gambling', 'Simulation', 'Conversation', 'Touch-Friendly', 'Indie', 'Multiplayer', 'First-Person', 'Point & Click', 'Memes', 'Action']",Very Positive,Telltale Games,1,1,1,2,negativo
"Mal'Ganis, the Turtle",4.9,76561198072830759,poker night at the inventory,Kept crashing on me every time I tried to load game. Don't buy.,"['Card Game', 'Casual', 'Comedy', 'Singleplayer', 'Funny', 'Strategy', 'Sports', 'Gambling', 'Simulation', 'Conversation', 'Touch-Friendly', 'Indie', 'Multiplayer', 'First-Person', 'Point & Click', 'Memes', 'Action']",Very Positive,Telltale Games,1,0,1,2,negativo
