username,user_id,title,text,tags,sentiment,developer,narrativa,jugabilidad,atmósfera,dificultad,tono_emocional
Invictus,76561198032539511,Killing Floor,"You Rip and Tear, even though you aren't DOOM guy. But there is most likely a mod for that. Flare Revolver to a Fleshpounds face for the kill/10","['FPS', 'Zombies', 'Co-op', 'Survival', 'Action', 'Multiplayer', 'Horror', 'Online Co-Op', 'Shooter', 'Gore', 'Team-Based', 'First-Person', 'Moddable', 'Survival Horror', 'Great Soundtrack', 'Singleplayer', 'Class-Based', 'Difficult', 'Comedy', 'Adventure']",Overwhelmingly Positive,Tripwire Interactive,2,5,4,4,positivo
Black Vegan Jew Tranny,76561198027873867,Killing Floor,"This game is great; I kinda like it better than the sequel! P.S. I paid $, I didn't get the Humble Bundle promotion thingy.","['FPS', 'Zombies', 'Co-op', 'Survival', 'Action', 'Multiplayer', 'Horror', 'Online Co-Op', 'Shooter', 'Gore', 'Team-Based', 'First-Person', 'Moddable', 'Survival Horror', 'Great Soundtrack', 'Singleplayer', 'Class-Based', 'Difficult', 'Comedy', 'Adventure']",Overwhelmingly Positive,Tripwire Interactive,2,5,4,3,positivo
CHITOWN,76561198262233191,Killing Floor,GREAT GAME AND FUN TOO.,"['FPS', 'Zombies', 'Co-op', 'Survival', 'Action', 'Multiplayer', 'Horror', 'Online Co-Op', 'Shooter', 'Gore', 'Team-Based', 'First-Person', 'Moddable', 'Survival Horror', 'Great Soundtrack', 'Singleplayer', 'Class-Based', 'Difficult', 'Comedy', 'Adventure']",Overwhelmingly Positive,Tripwire Interactive,1,5,4,3,positivo
Eap123,76561198067397190,Killing Floor,The zombies remind me of Apple iOS people. The players are Android people shooting iOS zombies so they die and go back to Tim Cook's scrotum.,"['FPS', 'Zombies', 'Co-op', 'Survival', 'Action', 'Multiplayer', 'Horror', 'Online Co-Op', 'Shooter', 'Gore', 'Team-Based', 'First-Person', 'Moddable', 'Survival Horror', 'Great Soundtrack', 'Singleplayer', 'Class-Based', 'Difficult', 'Comedy', 'Adventure']",Overwhelmingly Positive,Tripwire Interactive,2,4,3,4,neutral
<VDC> DEATH HULK,76561198074934063,Killing Floor,"Buy this, now.","['FPS', 'Zombies', 'Co-op', 'Survival', 'Action', 'Multiplayer', 'Horror', 'Online Co-Op', 'Shooter', 'Gore', 'Team-Based', 'First-Person', 'Moddable', 'Survival Horror', 'Great Soundtrack', 'Singleplayer', 'Class-Based', 'Difficult', 'Comedy', 'Adventure']",Overwhelmingly Positive,Tripwire Interactive,1,5,4,3,positivo
oliwier.guliwer PL,76561198093487591,Killing Floor,"kiling floor is a hord coop game . a very good coop hord game. ther are 7 classes and 8 zed tipes not counting the boss. in betwent rounds you have a time to go to the shop and buy weapons , ammo and armor all classes have a infinit medkit thats on cooldown . its beter to heal your teammates then yourself . when you heal your teammates you waste half of your medkit and heal the same amount of health. the medic heals for more health and and the medkit regenarates faster and medic guns can heal your teammates at range evry class has its own perpus and use. the medic heals . the demo blows up grups of zeds. the sharpshoter killes zeds at range and takes care of specials . komando kills the stalkers and killes the normal zeds . the support uses the shotgun and takes care of specials up close . firebug area dinyles with flamethrowers and burnes the zeds . this is a grate game. if your pc can't handel kf2 then this is the game for you","['FPS', 'Zombies', 'Co-op', 'Survival', 'Action', 'Multiplayer', 'Horror', 'Online Co-Op', 'Shooter', 'Gore', 'Team-Based', 'First-Person', 'Moddable', 'Survival Horror', 'Great Soundtrack', 'Singleplayer', 'Class-Based', 'Difficult', 'Comedy', 'Adventure']",Overwhelmingly Positive,Tripwire Interactive,2,5,4,4,positivo
Übermensch995,76561198055684649,Killing Floor,Upgraded l4d2,"['FPS', 'Zombies', 'Co-op', 'Survival', 'Action', 'Multiplayer', 'Horror', 'Online Co-Op', 'Shooter', 'Gore', 'Team-Based', 'First-Person', 'Moddable', 'Survival Horror', 'Great Soundtrack', 'Singleplayer', 'Class-Based', 'Difficult', 'Comedy', 'Adventure']",Overwhelmingly Positive,Tripwire Interactive,2,4,4,3,positivo
viewsonicg,76561198041879613,Killing Floor,"Heavy music, lots of zombies, and nothing to do but kill things. If you like killing and not thinking so much, Murder-Death-Kill your way through hordes. Do it with friends or dying is boring.","['FPS', 'Zombies', 'Co-op', 'Survival', 'Action', 'Multiplayer', 'Horror', 'Online Co-Op', 'Shooter', 'Gore', 'Team-Based', 'First-Person', 'Moddable', 'Survival Horror', 'Great Soundtrack', 'Singleplayer', 'Class-Based', 'Difficult', 'Comedy', 'Adventure']",Overwhelmingly Positive,Tripwire Interactive,1,4,4,3,positivo
Please shoot me in the head,76561198068247033,Killing Floor,"Steam doesn't lie and it records that, so far, I've played a total of eight minutes of Killing Floor. However, those eight minutes were arguably the best eight minutes of my life.","['FPS', 'Zombies', 'Co-op', 'Survival', 'Action', 'Multiplayer', 'Horror', 'Online Co-Op', 'Shooter', 'Gore', 'Team-Based', 'First-Person', 'Moddable', 'Survival Horror', 'Great Soundtrack', 'Singleplayer', 'Class-Based', 'Difficult', 'Comedy', 'Adventure']",Overwhelmingly Positive,Tripwire Interactive,1,5,5,3,positivo
DickWeed,76561198049892475,Killing Floor,gg,"['FPS', 'Zombies', 'Co-op', 'Survival', 'Action', 'Multiplayer', 'Horror', 'Online Co-Op', 'Shooter', 'Gore', 'Team-Based', 'First-Person', 'Moddable', 'Survival Horror', 'Great Soundtrack', 'Singleplayer', 'Class-Based', 'Difficult', 'Comedy', 'Adventure']",Overwhelmingly Positive,Tripwire Interactive,1,4,4,3,positivo
Invictus,76561198032539511,Killing Floor,"You Rip and Tear, even though you aren't DOOM guy. But there is most likely a mod for that. Flare Revolver to a Fleshpounds face for the kill/10","['FPS', 'Zombies', 'Co-op', 'Survival', 'Action', 'Multiplayer', 'Horror', 'Online Co-Op', 'Shooter', 'Gore', 'Team-Based', 'First-Person', 'Moddable', 'Survival Horror', 'Great Soundtrack', 'Singleplayer', 'Class-Based', 'Difficult', 'Comedy', 'Adventure']",Overwhelmingly Positive,Tripwire Interactive,2,5,4,4,positivo
¯\_(ツ)_/¯NoName,76561198200570434,Killing Floor,GOOD!,"['FPS', 'Zombies', 'Co-op', 'Survival', 'Action', 'Multiplayer', 'Horror', 'Online Co-Op', 'Shooter', 'Gore', 'Team-Based', 'First-Person', 'Moddable', 'Survival Horror', 'Great Soundtrack', 'Singleplayer', 'Class-Based', 'Difficult', 'Comedy', 'Adventure']",Overwhelmingly Positive,Tripwire Interactive,1,5,4,3,positivo
ClintonCM,76561198376479253,Killing Floor,"Pros: >An above average FPS. >Medium playerbase with currently around 800-1k players at any given time. >Solid gameplay; modes, maps & weapon variety. Cons:  >Lacks unique features. >Can be repetitive due to lack of enemy variety however this depends on the person. With solid gameplay & playerbase you might want to take a look. Overall I give it a 6.5/10","['FPS', 'Zombies', 'Co-op', 'Survival', 'Action', 'Multiplayer', 'Horror', 'Online Co-Op', 'Shooter', 'Gore', 'Team-Based', 'First-Person', 'Moddable', 'Survival Horror', 'Great Soundtrack', 'Singleplayer', 'Class-Based', 'Difficult', 'Comedy', 'Adventure']",Overwhelmingly Positive,Tripwire Interactive,2,4,3,3,positivo
It's Not Easy Being Squeezy,76561198061153106,Killing Floor,YES,"['FPS', 'Zombies', 'Co-op', 'Survival', 'Action', 'Multiplayer', 'Horror', 'Online Co-Op', 'Shooter', 'Gore', 'Team-Based', 'First-Person', 'Moddable', 'Survival Horror', 'Great Soundtrack', 'Singleplayer', 'Class-Based', 'Difficult', 'Comedy', 'Adventure']",Overwhelmingly Positive,Tripwire Interactive,2,5,4,4,positivo
Nexus7,76561198263708148,Killing Floor,"Basicly is one angry british dude slicing, stabbing, shotting, burning, killing, decapitating, slitting, shanking, sniping, cutting and cursing at zombies.","['FPS', 'Zombies', 'Co-op', 'Survival', 'Action', 'Multiplayer', 'Horror', 'Online Co-Op', 'Shooter', 'Gore', 'Team-Based', 'First-Person', 'Moddable', 'Survival Horror', 'Great Soundtrack', 'Singleplayer', 'Class-Based', 'Difficult', 'Comedy', 'Adventure']",Overwhelmingly Positive,Tripwire Interactive,2,5,4,4,positivo
POSTAL Dude,76561198204701347,Killing Floor,the floors can't die,"['FPS', 'Zombies', 'Co-op', 'Survival', 'Action', 'Multiplayer', 'Horror', 'Online Co-Op', 'Shooter', 'Gore', 'Team-Based', 'First-Person', 'Moddable', 'Survival Horror', 'Great Soundtrack', 'Singleplayer', 'Class-Based', 'Difficult', 'Comedy', 'Adventure']",Overwhelmingly Positive,Tripwire Interactive,1,4,4,3,positivo
Black Vegan Jew Tranny,76561198027873867,Killing Floor,"This game is great; I kinda like it better than the sequel! P.S. I paid $, I didn't get the Humble Bundle promotion thingy.","['FPS', 'Zombies', 'Co-op', 'Survival', 'Action', 'Multiplayer', 'Horror', 'Online Co-Op', 'Shooter', 'Gore', 'Team-Based', 'First-Person', 'Moddable', 'Survival Horror', 'Great Soundtrack', 'Singleplayer', 'Class-Based', 'Difficult', 'Comedy', 'Adventure']",Overwhelmingly Positive,Tripwire Interactive,3,5,4,3,positivo
iLLwILL003,76561197977505065,Killing Floor,"This game was not what I thought it was going to be, now what that was...I honestly don't know. That doesn't mean this was a bad thing, I enjoyed the game, I was entertained the whole time I was playing. I like wave survival games, and this fit the bill. The graphics are nothing to write home about, but graphics aren't everything. Give me a fun game to play with less than stellar graphics any day over something that looks beautiful and is just that and nothing more. I liked the way you had to earn your weapons, an incentive to actually get in the mix instead of camping. Also you can't really camp because the enemies come from every direction, and that I like too. The class aspect was cool, but could have been more refined. I didn't like the sluggish feel of it, or the fact that you weren't really forced to use class specific weapons, makes the classes kind of pointless. The animation could use some work, and something else should happen as the wave gets higher, besides more monsters, the difficulty of them should increase as well, or something. Overall, a cool game to check out, it definitely entertained, I just don't feel it's something I would play daily, more like 3 or 4 times a month even if I had the kind of time to play it daily.","['FPS', 'Zombies', 'Co-op', 'Survival', 'Action', 'Multiplayer', 'Horror', 'Online Co-Op', 'Shooter', 'Gore', 'Team-Based', 'First-Person', 'Moddable', 'Survival Horror', 'Great Soundtrack', 'Singleplayer', 'Class-Based', 'Difficult', 'Comedy', 'Adventure']",Overwhelmingly Positive,Tripwire Interactive,2,4,3,3,positivo
Not So Talented Potato,76561198105017102,Killing Floor,ye well worth it if it is free xD shoutout to you humble bundle :3,"['FPS', 'Zombies', 'Co-op', 'Survival', 'Action', 'Multiplayer', 'Horror', 'Online Co-Op', 'Shooter', 'Gore', 'Team-Based', 'First-Person', 'Moddable', 'Survival Horror', 'Great Soundtrack', 'Singleplayer', 'Class-Based', 'Difficult', 'Comedy', 'Adventure']",Overwhelmingly Positive,Tripwire Interactive,1,4,3,2,positivo
7thsojurn,76561198013462546,Killing Floor,"WHAT THE HELL IS THIS! WHO THE HELL WRITES GAMES LIKE THIS! When I see games like this it make me wonder how the hell these game designers/writers even sale a game let alone another one of these junk games.  “IT’S JUST SO FAKE TO EVEN BE ENJOYED AS A HORROR GAME”! With the end of mission teleporting invisible boss and the end of each mission a weapons room that calls you over a loud speaker, like a mom calling you to dinner, to come and get your weapons to the floating blood line that leads you back to the come home to eat or should I say get yourself another weapon or another item is such a joke. It’s nothing more than an arena game with a lot of cool maps to play in and that is just too bad,  with such good work destroyed by a no nothing story with such a FAKE game play and no reason behind it all. Just too bad it could have been so much more like a new doom with a cool new story behind it and make you feel like you are trying to survive a real life situation that could have used its maps to scare the hell out of you but no.   It’s nothing more than a real fake game with tone of monster coming at you that has no purpose but to be killed or you too be killed. This game does nothing but make a target game that the targets move. This game is not even worth the $ 5.00 dollers, that  i paid for. WHAT A WAIST OF MONEY AND TIME AND DON’T BUY THIS GAME IF YOUR LOOK FOR A REAL COOL GAME CONCEPT OR IDEA THIS HAS NOTHING TO OFFER YOU. I AM JUST GLAD I ONLY PLAYED A SHORT TIME TO FINE THAT OUT SO I COULD GET MY MONEY BACK. 10/30/2017","['FPS', 'Zombies', 'Co-op', 'Survival', 'Action', 'Multiplayer', 'Horror', 'Online Co-Op', 'Shooter', 'Gore', 'Team-Based', 'First-Person', 'Moddable', 'Survival Horror', 'Great Soundtrack', 'Singleplayer', 'Class-Based', 'Difficult', 'Comedy', 'Adventure']",Overwhelmingly Positive,Tripwire Interactive,1,2,1,2,negativo
Pupplehaze,76561197998024791,King's Bounty: The Legend,"Really pretty and good fun exploring/strategy ""chess"" type game. Played over 100 hours before completing it. Some of the RPG aspects are a bit lacking, but regardless of that, it's kept me happily occupied for ages. Got it during a Steam sale... bargain!","['RPG', 'Strategy', 'Turn-Based Strategy', 'Fantasy', 'Turn-Based', 'Adventure', 'Hex Grid', 'Tactical', 'Tactical RPG', 'Singleplayer', 'Atmospheric', 'Turn-Based Combat', 'Great Soundtrack', 'Classic', 'Open World']",Very Positive,1C Company,3,4,5,3,positivo
Ael,76561198010131631,King's Bounty: The Legend,Very good game for those who are fan of HOMM series. I liked it a lot.,"['RPG', 'Strategy', 'Turn-Based Strategy', 'Fantasy', 'Turn-Based', 'Adventure', 'Hex Grid', 'Tactical', 'Tactical RPG', 'Singleplayer', 'Atmospheric', 'Turn-Based Combat', 'Great Soundtrack', 'Classic', 'Open World']",Very Positive,1C Company,3,4,4,3,positivo
ForestWolf,76561198038132122,King's Bounty: The Legend,"King's Bounty: The Legend is the first game of the King's Bounty series where you take a role of an adventurer that with the right combination of troops and magic is going to save the kingdom from its doom. The game is an RPG with turn-based strategy combat style. The gameplay in KB:The Legend consists of traveling through the world map, getting quests and gathering troops and then fighting enemy forces in a turn-based hex-strategy styled battles. The combat is really similar to Heroes of Might and Magic, however you are not going to build castles or a kingdom here and instead travel through a huge open world. The story is quite simple - you are the treasure hunter for the king and discover after a while a plot against the kingdom by evil forces and you are obviously the only one that can destroy them. The gameplay is however very fun in King's Bounty series and it is enjoyable to be able to traverse the land almost free (sometimes a quest or a strong army blocks your progress) but since the world is so huge, you mostly have different possible locations where you can go to. There are a lot of different factions that can offer you forces so you have a lot of choice depending on what strategy you enjoy more in battles. The classes offered are also quite distinguishable so it is even fun to play through the game multiple times with different classes and armies. I would say it takes a while to learn the combat in this game since there are so many different troops that have their own skills, effects and with some mods even gather experience and level up. For playing on higher difficulties, that definetely offer a great challenge, it will require to know which troops the enemy has and how to counter them, which army is stronger against other faction, etc. It is great fun to find these things out, especially if you continue later the series. The graphic has its own style in this game and while some others are flashy and colourful, others have a darker touch to them. It looks a bit comic-phantasy styled but fits the game really well. The interface is looking really cool in this game, every menu including the options have some cool things about it and are always simple to use. It took me almost no time to get to know which buttons to press for different menues and how to use them. The progress is described by how far into the game you proceed by finishing quests, fighting enemy armies and leveling up your hero (and with mods your troops). When you hero levels up you definetely feel stronger since you get more skill points aswell can hire and command more troops. Competing for a top place in the list is also a fun challenge that you can try to take on. One of the few games that I had audio on through most of the games - the music is really enjoyable and the sound effects give you some hints about your whereabouts aswell effects during the battle used. As you can see on the number of hours player, I enjoyed going through this game already multiple times due to great immersion into becoming the spell-swinging, rage using battle commander. King's Bounty: The Legend is a great start for a great series and it definetely is an enjoyable and fun RPG with strategic battles. It will appeal to Heroes of Might and Magic fans, aswell RPG fans aswell turn-based strategy fans. It has great unique comic-styled touch to it, nice music, a lot of choice regarding armies and spells to use aswell great feeling of progress. If you enjoy the first few hours, it will most likely suck you in for long time. I hope this review helps you making the decision if its worth buying and installing this game. Rate and leave a comment if you enjoyed reading it. ~ForestWolf","['RPG', 'Strategy', 'Turn-Based Strategy', 'Fantasy', 'Turn-Based', 'Adventure', 'Hex Grid', 'Tactical', 'Tactical RPG', 'Singleplayer', 'Atmospheric', 'Turn-Based Combat', 'Great Soundtrack', 'Classic', 'Open World']",Very Positive,1C Company,4,5,4,4,positivo
Delfrod,76561197975041945,King's Bounty: The Legend,Hardcore Heroes of Might & Magic type game.,"['RPG', 'Strategy', 'Turn-Based Strategy', 'Fantasy', 'Turn-Based', 'Adventure', 'Hex Grid', 'Tactical', 'Tactical RPG', 'Singleplayer', 'Atmospheric', 'Turn-Based Combat', 'Great Soundtrack', 'Classic', 'Open World']",Very Positive,1C Company,3,4,4,3,positivo
zeranixaimar,76561198072155841,King's Bounty: The Legend,"The giants are happy because they like to have green dragons in the team. The green dragons are unhappy because they hate to have giants in the team. ??? If you like the Heroes of Might & Maigc franchise,  this is definitely the game for you. The King's Bounty is a HoMM reshaped  in a RPG form. You don't have to collect resources for building your castle and can't enjoy the achievement of establishing a marvelous palace. But you get a better and longer (suprisingly long) story, more character devlepment, more equipment. The graphic part is still quite nice even after almost 10 years, The sound effect and music are ok. Most importantly, the battle system is very immersive and challanging. You can find various combination of different types of creatures, spells and equipment (for example, your sea dogs will become very powerful if you can get all equipment increasing their attack and speed, and marry the right wife). One thing also similar to HoMM is that you must learn to utilise your speed and control to dribble pass a lot of enemies on the map for getting the treasures they are guarding without losting too much of your precious troop fighting them. In my opinion, the later stages of the game is a little too hard even at normal difficulty, since the character devlepment (increase rate of leadership and attributes) become flat and the types of equipment is relatively limited compared with the length of the game. In addition, there are some minor technical problems about the game, like the cursor may become the question mark  sometimes during normal battle processes, rendering the player enable to issue command, and my game crushed twice towards the end. But none of them is fatal and they can be easily dealt with. Overall, this is a very attractive RPG-strategy game, recommended for everyone.","['RPG', 'Strategy', 'Turn-Based Strategy', 'Fantasy', 'Turn-Based', 'Adventure', 'Hex Grid', 'Tactical', 'Tactical RPG', 'Singleplayer', 'Atmospheric', 'Turn-Based Combat', 'Great Soundtrack', 'Classic', 'Open World']",Very Positive,1C Company,4,4,4,3,positivo
mcmorris23,76561198044619825,King's Bounty: The Legend,This is a great turn-based strategy game! The graphics are good and the character names and dialogue are hilarious! Hours of fun.,"['RPG', 'Strategy', 'Turn-Based Strategy', 'Fantasy', 'Turn-Based', 'Adventure', 'Hex Grid', 'Tactical', 'Tactical RPG', 'Singleplayer', 'Atmospheric', 'Turn-Based Combat', 'Great Soundtrack', 'Classic', 'Open World']",Very Positive,1C Company,4,5,4,3,positivo
NewYokosukaHarborForkliftRacer,76561198037912576,King's Bounty: The Legend,"Enjoyed the little bit of the game I played. Got burnt out on the battles, they were very similar all the time. Some of the areas didn't seem very balanced but from what I can tell this was the original title and it is a bit dated. Hopefully Armored Princess and Crossworlds played better. Familiar, unique and casual crunched into one. Scoop it on a sale and try it out. Would probably rate this in the middle everything considered.","['RPG', 'Strategy', 'Turn-Based Strategy', 'Fantasy', 'Turn-Based', 'Adventure', 'Hex Grid', 'Tactical', 'Tactical RPG', 'Singleplayer', 'Atmospheric', 'Turn-Based Combat', 'Great Soundtrack', 'Classic', 'Open World']",Very Positive,1C Company,3,2,4,3,neutral
wespe___o=/;;;:*,76561198075849015,King's Bounty: The Legend,"80/100  Classic, turnbased, good Gfx after almost a decade Still fun to play after years! Great Game.. quite similar to Heroes of Might and Magic series, but focuses much more on Hero-development (!) instead of building dozens of strong Armies in horde-numbers^^ The Legend is Part 1 of the Kings Bounty series and a great starting point. Part 2 is Armored Princess and then came the Addon Crossworlds. Get the whole series to experience the Universe, but be warned 100 hours pass by easily ;)","['RPG', 'Strategy', 'Turn-Based Strategy', 'Fantasy', 'Turn-Based', 'Adventure', 'Hex Grid', 'Tactical', 'Tactical RPG', 'Singleplayer', 'Atmospheric', 'Turn-Based Combat', 'Great Soundtrack', 'Classic', 'Open World']",Very Positive,1C Company,4,4,5,3,positivo
CRAGNAR,76561197978337815,King's Bounty: The Legend,For the price this game is pretty good.,"['RPG', 'Strategy', 'Turn-Based Strategy', 'Fantasy', 'Turn-Based', 'Adventure', 'Hex Grid', 'Tactical', 'Tactical RPG', 'Singleplayer', 'Atmospheric', 'Turn-Based Combat', 'Great Soundtrack', 'Classic', 'Open World']",Very Positive,1C Company,3,4,4,3,positivo
Trixt,76561198010800766,King's Bounty: The Legend,84%,"['RPG', 'Strategy', 'Turn-Based Strategy', 'Fantasy', 'Turn-Based', 'Adventure', 'Hex Grid', 'Tactical', 'Tactical RPG', 'Singleplayer', 'Atmospheric', 'Turn-Based Combat', 'Great Soundtrack', 'Classic', 'Open World']",Very Positive,1C Company,4,4,5,3,positivo
Arkantos4dead,76561198014876693,King's Bounty: The Legend,"Like HOMM, only not turn-based...it's everything I've ever wanted :D (the combat is turn-based, moving around the map - isn't.) Addicting and fun, almost makes me wish I had bought it for the full price instead of waiting for an 80% discount xD The beginning may seem a bit dull to some people, but it only gets more thrilling as it progresses further. PS: the protagonist isn't as boring as he looks in the picture. PPS: Just when I thought things couldn't get any better, my wife gave birth to a magician named ""Gandalf""! Funny coincidence - that also happened to me in the game.","['RPG', 'Strategy', 'Turn-Based Strategy', 'Fantasy', 'Turn-Based', 'Adventure', 'Hex Grid', 'Tactical', 'Tactical RPG', 'Singleplayer', 'Atmospheric', 'Turn-Based Combat', 'Great Soundtrack', 'Classic', 'Open World']",Very Positive,1C Company,4,5,4,2,positivo
karhu,76561198040538972,King's Bounty: The Legend,"If you're going to play this, play it before Armored Princess. After Armored Princess you will not enjoy The Legend because it is 8x worse. If you're debating over which one to buy, buy Crossworlds. It is Armored Princess with all expansions and considered the best game.","['RPG', 'Strategy', 'Turn-Based Strategy', 'Fantasy', 'Turn-Based', 'Adventure', 'Hex Grid', 'Tactical', 'Tactical RPG', 'Singleplayer', 'Atmospheric', 'Turn-Based Combat', 'Great Soundtrack', 'Classic', 'Open World']",Very Positive,1C Company,2,2,3,3,negativo
Gauche,76561198021756703,King's Bounty: The Legend,The game that started (almost) it all.,"['RPG', 'Strategy', 'Turn-Based Strategy', 'Fantasy', 'Turn-Based', 'Adventure', 'Hex Grid', 'Tactical', 'Tactical RPG', 'Singleplayer', 'Atmospheric', 'Turn-Based Combat', 'Great Soundtrack', 'Classic', 'Open World']",Very Positive,1C Company,3,4,5,3,positivo
Toxic Larva,76561198042590261,King's Bounty: The Legend,I don't recommend this game,"['RPG', 'Strategy', 'Turn-Based Strategy', 'Fantasy', 'Turn-Based', 'Adventure', 'Hex Grid', 'Tactical', 'Tactical RPG', 'Singleplayer', 'Atmospheric', 'Turn-Based Combat', 'Great Soundtrack', 'Classic', 'Open World']",Very Positive,1C Company,2,2,3,3,negativo
lorddli,76561198032239028,King's Bounty: The Legend,Worth playing.,"['RPG', 'Strategy', 'Turn-Based Strategy', 'Fantasy', 'Turn-Based', 'Adventure', 'Hex Grid', 'Tactical', 'Tactical RPG', 'Singleplayer', 'Atmospheric', 'Turn-Based Combat', 'Great Soundtrack', 'Classic', 'Open World']",Very Positive,1C Company,3,4,4,3,positivo
[S]almon,76561198007197608,King's Bounty: The Legend,"The original that started it all! King’s Bounty: The Legend is a terrific, unique, turn-based strategy game with a charming retro feel. The variety of difficulty settings provide a warm welcome to players unfamiliar with the genre and a challenge for veterans. Some people might be turned off by the fact that it’s single-player only, but don’t let that stop you from trying it out. The game provides more than enough content in its campaign to justify its pricetag. This game deserves so much more praise then it’s gotten.","['RPG', 'Strategy', 'Turn-Based Strategy', 'Fantasy', 'Turn-Based', 'Adventure', 'Hex Grid', 'Tactical', 'Tactical RPG', 'Singleplayer', 'Atmospheric', 'Turn-Based Combat', 'Great Soundtrack', 'Classic', 'Open World']",Very Positive,1C Company,4,5,5,4,positivo
Manabender,76561198022751934,King's Bounty: The Legend,"This is going to sound very weird, but King's Bounty feels something like a big mash-up between World of Warcraft, Final Fantasy, and Advance Wars. (Though perhaps that's not as crazy as it sounds; the credits for the next game in the series give special thanks to Blizzard, Square Enix, and Nintendo.) The game has a lot of clear roots in traditional CRPGs, and has the unfortunate trait of having a bit of a slow and cliche start. I wasn't immediately taken in, but I saw the first few levels through and at some point, became insanely addicted. King's Bounty is somewhat unique in that, despite having a full suite of RPG-style stats and skills, the player character does not directly participate in combat. Instead, he remains unseen from the battlefield, giving orders to his army, and possibly also casting spells from the sidelines. Your character's stats mostly determine the size of the army he can field, and contribute to his units' performance. When I said ""army"", I army. Each unit on the battlefield can be a unit of a few troops, or a few troops. Similar to Advance Wars or Civ V, dealing damage to a unit often means killing a portion of the troops in it, and thus it becomes weaker. This mechanic greatly helps add strategic depth to every fight, as it makes target selection a non-trivial problem. If you can deal double damage to unit A, but unit B hits like a truck and is about to pound your army, which do you hit? Unfortunately, King's Bounty (or at least this installment) is very much an ""RTFM"" (Read The Florping Manual) game. The tutorial teaches you little about the game mechanics, and the game seems content with nothing more than loading screen tips to explain things. If you have the game installed on a solid-state disk, the loading screens go by so fast that you can't really read them. Fortunately, it comes with a manual; look for ""manual.pdf"" in the game files. Minor side note: The game is also surprisingly stable. Games like this usually have an unfortunate tendancy to crash at least once every few hours, but I only experienced a total of two crashes in the 70+ hours my first run took.","['RPG', 'Strategy', 'Turn-Based Strategy', 'Fantasy', 'Turn-Based', 'Adventure', 'Hex Grid', 'Tactical', 'Tactical RPG', 'Singleplayer', 'Atmospheric', 'Turn-Based Combat', 'Great Soundtrack', 'Classic', 'Open World']",Very Positive,1C Company,3,4,4,3,positivo
Ardis,76561198045758384,King's Bounty: The Legend,"Lots of fun, especially if you like RPGs/Turn-Based Strategy. It's so cheap so often and you get your money's worth, I spent 55 hours beating the game. Lots of cool units, a fun combat system you'll enjoy (which is good because youll be fighting alot), quirky humor and tons of spells/items. Only real downsides I can think of are the load times and backtracking, which are two things that suck together.","['RPG', 'Strategy', 'Turn-Based Strategy', 'Fantasy', 'Turn-Based', 'Adventure', 'Hex Grid', 'Tactical', 'Tactical RPG', 'Singleplayer', 'Atmospheric', 'Turn-Based Combat', 'Great Soundtrack', 'Classic', 'Open World']",Very Positive,1C Company,4,5,4,3,positivo
bluemeanie231,76561197996516587,King's Bounty: The Legend,"Small in scope, but surprisingly addicting. My biggest complaint is actually that it's too damn long. With no variation in battlefield size, you get tired of the same setup over and over. The overworld is fun and filled with treasure and easter eggs to discover but every battle goes to the same map. The combat itself is a bit simple but fun, if only the fun lasted till the end of the game. A pretty good value though, especially if on sale. I've put a good amount of time into this.","['RPG', 'Strategy', 'Turn-Based Strategy', 'Fantasy', 'Turn-Based', 'Adventure', 'Hex Grid', 'Tactical', 'Tactical RPG', 'Singleplayer', 'Atmospheric', 'Turn-Based Combat', 'Great Soundtrack', 'Classic', 'Open World']",Very Positive,1C Company,3,4,4,2,positivo
Tinky,76561197997829089,King's Bounty: The Legend,"I like the game but there are 3 major flaws that ruins this game for me. The first is that you dont have your own castle which means that you dont have your own army, you can only hire mercenaries which leads to flaw number 2. There are limitations to how many units you can carry and even worse, there are limitations to how many you can buy. You like a certain unit? Too bad because when you have bought the maximum number the game has to offer you cant buy that unit again. This sucks imo! The third major flaw is the unbalanced difficulty where you can face an enemy that is way too powerful in a place where every other enemy is easy. You lose and because of the lousy autosave system you have to replay an hour or so which sucks even more! Many times have i had to turn back and find another path and come back later because of this nonsense! The core game is awesome, but because of these stupid limitations the game becomes very unfair and tedious!","['RPG', 'Strategy', 'Turn-Based Strategy', 'Fantasy', 'Turn-Based', 'Adventure', 'Hex Grid', 'Tactical', 'Tactical RPG', 'Singleplayer', 'Atmospheric', 'Turn-Based Combat', 'Great Soundtrack', 'Classic', 'Open World']",Very Positive,1C Company,4,2,4,3,negativo
Cpt.Phoenix,76561198001664600,Kingdom Rush,Best tower defence game ever made. only problem with recomending this game is that you can play it for free on armor games but if you want to pay the devs for all their work than yea but this game its loads of fun. 9/10,"['Tower Defense', 'Strategy', 'Indie', 'Singleplayer', 'Fantasy', 'Action', '2D', 'Tactical', 'Casual', 'Touch-Friendly', 'Adventure', 'Difficult', 'Funny', 'Comedy', 'RPG']",Overwhelmingly Positive,Ironhide Game Studio,3,5,4,4,positivo
Ashuroa,76561198014955980,Kingdom Rush,"Kingdom Rush is a tower defense game with rather cute grafics and surprisingly complex and tactic gameplay. There are various strategies one can employ to win the maps and since there are restrictions on what towers you can use on higher difficulty maps you may find yourself thinking and testing a few times before you win the harder maps. Balance between the different towers isn't perfect though. There are some that are simply overpowered so you may find yourself using those exculively. The same goes for the heroes you can recruit. You will probably use only very few of the ones on offer since they are way more usefel than the others. Still, overall I enjoyed the game very much. Grabbing it on a sale like right now, you will definitely get your money's worth.","['Tower Defense', 'Strategy', 'Indie', 'Singleplayer', 'Fantasy', 'Action', '2D', 'Tactical', 'Casual', 'Touch-Friendly', 'Adventure', 'Difficult', 'Funny', 'Comedy', 'RPG']",Overwhelmingly Positive,Ironhide Game Studio,3,4,4,4,positivo
ZombieKef,76561198049945266,Kingdom Rush,I have lost track of how many times I have played this game on different devices. So addictive.,"['Tower Defense', 'Strategy', 'Indie', 'Singleplayer', 'Fantasy', 'Action', '2D', 'Tactical', 'Casual', 'Touch-Friendly', 'Adventure', 'Difficult', 'Funny', 'Comedy', 'RPG']",Overwhelmingly Positive,Ironhide Game Studio,2,5,4,3,positivo
Gen Greavous,76561198005571427,Kingdom Rush,"a must buy game, completly epic.","['Tower Defense', 'Strategy', 'Indie', 'Singleplayer', 'Fantasy', 'Action', '2D', 'Tactical', 'Casual', 'Touch-Friendly', 'Adventure', 'Difficult', 'Funny', 'Comedy', 'RPG']",Overwhelmingly Positive,Ironhide Game Studio,3,5,4,4,positivo
[BDS] Aflac,76561197962775424,Kingdom Rush,The first entry of the Kingdom Rush series from Ironhide games. Kingdom Rush is one of the long standing Tower Defense games that still holds up to this day against other Tower Defense games. Ironhide has nailed the formula. There are many choices on the placement of the towers and abilities that can be purchased making the gameplay very engaging. Same goes for the heroes that are available that can influence the gameplayer in a variety of ways. One of the few tower defense games that appeals to all skill levels. Ironhide has rescaled the game from their original flash entry and mobile to Steam. It still looks great on big monitors allowing players to be in the thick of the action and still see the big picture. The extra polish definitely shows and will be appreciated by the new to the experienced players. Heres to hoping for the Kingdom Rush Origins to be ported over to Steam.,"['Tower Defense', 'Strategy', 'Indie', 'Singleplayer', 'Fantasy', 'Action', '2D', 'Tactical', 'Casual', 'Touch-Friendly', 'Adventure', 'Difficult', 'Funny', 'Comedy', 'RPG']",Overwhelmingly Positive,Ironhide Game Studio,3,5,4,3,positivo
North American Pavement Ape,76561198027769668,Kingdom Rush,"Before I played: ＼＼ ＿ 　　 ＼( ͡° ͜ʖ ͡°) 　　　 <　⌒ヽ 　　　/ 　 へ＼ 　　 /　　/　＼＼ 　　 ﾚ　ノ　　 ヽ_つ 　　/　/ 　 /　/| 　(　(ヽ 　|　|、＼ 　| 丿 ＼ ⌒) 　| |　　) / `ノ )　　Lﾉ After I played: ／ﾌﾌ 　　　　　　 　ム｀ヽ / ノ) 　 ）　ヽ / ｜　　( ͡° ͜ʖ ͡°）ノ⌒（ゝ._,ノ /　ﾉ⌒7⌒ヽーく　 ＼　／ 丶＿ ノ ｡　　 ノ､　｡|/ 　　 `ヽ `ー-'_人`ーﾉ 　　　 丶 ￣ _人'彡)","['Tower Defense', 'Strategy', 'Indie', 'Singleplayer', 'Fantasy', 'Action', '2D', 'Tactical', 'Casual', 'Touch-Friendly', 'Adventure', 'Difficult', 'Funny', 'Comedy', 'RPG']",Overwhelmingly Positive,Ironhide Game Studio,3,5,4,4,positivo
Animono,76561198033984598,Kingdom Rush,9/10,"['Tower Defense', 'Strategy', 'Indie', 'Singleplayer', 'Fantasy', 'Action', '2D', 'Tactical', 'Casual', 'Touch-Friendly', 'Adventure', 'Difficult', 'Funny', 'Comedy', 'RPG']",Overwhelmingly Positive,Ironhide Game Studio,3,5,4,4,positivo
WitchingSnake,76561198046747192,Kingdom Rush,"This could very well be one of the most addicting Tower Defense games out there. Best of all its not addicting because of some grinding or some nasty up leveling rpg mechanic. No. Its addicting because it is so good. Oh and it has a great amount of content. I especially love that there's a difficulty setting and that you can play each level 3 times with different waves and conditions. Only bad thing about it is the lack of a speed up function. Some x2 game speed button. I could not find anything else that I find bad about it. Apart from it being done at some point perhaps? A minor design ""flaw"" I see in the lack of target priorities for towers. Quite often powerful shots are wasted on worthless targets. Or splash damage towewrs target single units instead of the blob next ot it. But thats almost nitpicking. I spent 50 hours in here and had a blast. I played Witcher 3 for 120 hours and had a blast too. But this here. This game right here. Damn.","['Tower Defense', 'Strategy', 'Indie', 'Singleplayer', 'Fantasy', 'Action', '2D', 'Tactical', 'Casual', 'Touch-Friendly', 'Adventure', 'Difficult', 'Funny', 'Comedy', 'RPG']",Overwhelmingly Positive,Ironhide Game Studio,3,5,4,4,positivo
ExiaRS,76561198054274086,Kingdom Rush,"This is solid tower defense game. It's mobile port but without microtransactions and all DLCs are included. Campaign is solid. The last boss is very hard. I like that enemies are not stronger each wave. Heroic and iron levels are nice addition, but too much hard early. DLC missions are terrible because they are not any more classic TD levels - you have to micromanage your hero too much and use meteors as much as you can. Enemies are just overpowered (look at demon legion, wtf?!, they replicate faster than Smith in Matrix Revolutions!!!)! Only solution is spaming Tesla towers. Very, very bad! Update Developer added new free DLC which is nice and I upped my mark. 7/10","['Tower Defense', 'Strategy', 'Indie', 'Singleplayer', 'Fantasy', 'Action', '2D', 'Tactical', 'Casual', 'Touch-Friendly', 'Adventure', 'Difficult', 'Funny', 'Comedy', 'RPG']",Overwhelmingly Positive,Ironhide Game Studio,3,4,3,4,neutral
SAF,76561197988113155,Kingdom Rush,"Bought Kingdom Rush, immediately played it, played for almost 8 hours straight (took 1 break)...my g/f is mad...do I have a g/f anymore?...Time to play more!! TD at its absolute best!!","['Tower Defense', 'Strategy', 'Indie', 'Singleplayer', 'Fantasy', 'Action', '2D', 'Tactical', 'Casual', 'Touch-Friendly', 'Adventure', 'Difficult', 'Funny', 'Comedy', 'RPG']",Overwhelmingly Positive,Ironhide Game Studio,3,5,4,4,positivo
JD_888,76561198141403139,Kingdom Rush,"I'm not a huge fan of tower defense games. I've played some and most bored me very quicky. Kingdom Rush is different. It's challenging enough so it keeps you playing, but not frustrating or cheap difficulty. It also looks and sounds very nice and just has a very pleasing aesthetics. Try the flash version, and if you like it, I'd recommend either the steam or the mobile version, the bonus maps are well worth the price.","['Tower Defense', 'Strategy', 'Indie', 'Singleplayer', 'Fantasy', 'Action', '2D', 'Tactical', 'Casual', 'Touch-Friendly', 'Adventure', 'Difficult', 'Funny', 'Comedy', 'RPG']",Overwhelmingly Positive,Ironhide Game Studio,3,4,4,4,positivo
Commodore 64,76561198062197146,Kingdom Rush,"This is the most addictive, fun and enjoyable gaming experience i have had for a long time. My wife and son have loved this on the iPad but on the touch screen 22inch computer monitor its a blast! Please make more sequels please. Oh and the music is amazing! My wife says she is not a gamer but she played it for 3 solid hours the other night!!!!! This is why this game is great! plus my young son just loves it! He will grow up with this game like l did with the SNES of Mario and Zelda. Great memories!","['Tower Defense', 'Strategy', 'Indie', 'Singleplayer', 'Fantasy', 'Action', '2D', 'Tactical', 'Casual', 'Touch-Friendly', 'Adventure', 'Difficult', 'Funny', 'Comedy', 'RPG']",Overwhelmingly Positive,Ironhide Game Studio,4,5,5,3,positivo
Madash,76561197993589983,Kingdom Rush,cartoony tower defense with charm. Liked it alot except for the steep difficulty curve towards the end,"['Tower Defense', 'Strategy', 'Indie', 'Singleplayer', 'Fantasy', 'Action', '2D', 'Tactical', 'Casual', 'Touch-Friendly', 'Adventure', 'Difficult', 'Funny', 'Comedy', 'RPG']",Overwhelmingly Positive,Ironhide Game Studio,2,4,4,3,positivo
LazyKennedy,76561198010001199,Kingdom Rush,This is a nice little arcade timewaster good 4 full price or on sale. If u want a game were U dont want 2 think 2 much this is the game 4 u(of course higher difficult is different),"['Tower Defense', 'Strategy', 'Indie', 'Singleplayer', 'Fantasy', 'Action', '2D', 'Tactical', 'Casual', 'Touch-Friendly', 'Adventure', 'Difficult', 'Funny', 'Comedy', 'RPG']",Overwhelmingly Positive,Ironhide Game Studio,2,4,3,3,positivo
gamer1000k,76561198027141250,Kingdom Rush,"As a tower defense game, this is one of the better ones out there. Unfortunately, this is the exact same version that you can play for free on android/ios or on various game websites. Don't get this game on Steam, go play it somewhere else, there is no added value here (unless achievements and trading cards are worth $10 to you). At least I got it as part of a bundle so I didn't have to pay full price for it. This is the reason I'm not recommending it, not because the game itself is necessarily that bad but more because this version is a grossly overpriced mobile port, not a real PC game. As for the game itself, despite being one of the better tower defense games, it still has some issues. The biggest one being that this game frequently degenerates into a mad click-fest which I don't particularly like, for me I like tower defense games that give you some time to think and plan things out between waves and that give more flexibility in terms of tower placement. This game limits you to existing tower plots on the map, severely limiting what you can do with your towers. These issues aren't even really inherent to a mobile game, bloons tower defense does a much better job in terms of tower variety, placement flexibility and planning between waves (even if the enemy types are boring). Still, this game is a fun little time waster, but if you want a great PC tower defense game, go look at Orcs Must Die or Sanctum. They're cheaper and far better.","['Tower Defense', 'Strategy', 'Indie', 'Singleplayer', 'Fantasy', 'Action', '2D', 'Tactical', 'Casual', 'Touch-Friendly', 'Adventure', 'Difficult', 'Funny', 'Comedy', 'RPG']",Overwhelmingly Positive,Ironhide Game Studio,2,3,3,3,neutral
Lelouch,76561198048628640,Kingdom Rush,"Probably one of the best, if not THE best tower defense series I've ever played.  Unfortunately they only have this one on Steam, but they have two more available, a prequel and a sequel available on the mobile Android OS. Works a bit like your standard TD game, however you have heroes that you fight with in battles with ranging classes, as well as a skilltree that you earn points/stars for as you progress through the campaign.  These talents buff either your towers, reinforcements, or spells. This game has good graphics for being a mobile port, easy controls, a nice UI, excellent replayability, and most importantly it's tons of fun.  I would highly recommend any game in this series both here on Steam and on mobile, I actually just bought the prequel yesterday. (I actually like the prequel a bit more, even though it's a lot harder.)","['Tower Defense', 'Strategy', 'Indie', 'Singleplayer', 'Fantasy', 'Action', '2D', 'Tactical', 'Casual', 'Touch-Friendly', 'Adventure', 'Difficult', 'Funny', 'Comedy', 'RPG']",Overwhelmingly Positive,Ironhide Game Studio,3,5,4,4,positivo
Conditional Love,76561197971532050,Kingdom Rush,"A pretty good tower defense game. Not worth full price, a decent purchase when 50 to 90% off. - 450mb download - click on the easter eggs in the backgroud - towers are built on one of the limited fixed locations - ""slow towers"" are braindead troops - Heroes are fairly weak - as you progress the campaign, the difficulty goes from too easy to far too difficult","['Tower Defense', 'Strategy', 'Indie', 'Singleplayer', 'Fantasy', 'Action', '2D', 'Tactical', 'Casual', 'Touch-Friendly', 'Adventure', 'Difficult', 'Funny', 'Comedy', 'RPG']",Overwhelmingly Positive,Ironhide Game Studio,2,3,3,4,neutral
nashathedog,76561198067556154,Kingdom Rush,"I enjoy a decent tower defence game and thoroughly enjoyed both the original Kingdom Rush and it's sequel Kingdom Rush Frontiers, I like a TD game that forces you to rethink strategies and mix up your approach on a map by map basis and consider both versions of Kingdom Rush to be worth getting, especially during a sale.","['Tower Defense', 'Strategy', 'Indie', 'Singleplayer', 'Fantasy', 'Action', '2D', 'Tactical', 'Casual', 'Touch-Friendly', 'Adventure', 'Difficult', 'Funny', 'Comedy', 'RPG']",Overwhelmingly Positive,Ironhide Game Studio,3,5,4,4,positivo
Homeinvasion,76561197996595222,Kingdom Rush,fun but dont expect to get more than 2 hours out of it. At the price it is not worth it.,"['Tower Defense', 'Strategy', 'Indie', 'Singleplayer', 'Fantasy', 'Action', '2D', 'Tactical', 'Casual', 'Touch-Friendly', 'Adventure', 'Difficult', 'Funny', 'Comedy', 'RPG']",Overwhelmingly Positive,Ironhide Game Studio,2,3,3,3,neutral
Belgarath,76561197988001805,Kingdom Rush,"Not a bad game, but it is one of those strategy games which chooses to limit your 'Strategy' in order to succeed towards the end of the game. The way you use melee soldiers to create bottlenecks is rather intuitive. 7.5/10","['Tower Defense', 'Strategy', 'Indie', 'Singleplayer', 'Fantasy', 'Action', '2D', 'Tactical', 'Casual', 'Touch-Friendly', 'Adventure', 'Difficult', 'Funny', 'Comedy', 'RPG']",Overwhelmingly Positive,Ironhide Game Studio,2,4,3,3,positivo
Happiness Officer,76561198004419232,Kingdom Rush Frontiers,"You loved the original Kingdom Rush and want more! Very much what you want from sequel... everything that made the original game great, but with enough new content to keep it fresh and exciting. A completely new set of new enemies, new heroes and 22 new levels... more than you can shake an oversized Dwarven bombard at (or at least enough to shut you up for a good 20-30 hours). The Tier 4 towers have also undergone an overhaul, providing a new set of tactics and toys to play with; from assassins, to battle mechs... and, most deliciously, a freaking . Finally... Now the one who gets to summon armies of the undead! The new towers feel well-balanced and have a diverse range of special abilities that seem to promote a much stronger focus on synergy than before, at least from my experience (though the Necromancer can feel a little overpowered on lower difficulties). The only major change (which is hard to say if better/worse) is that the heroes now retain their exp between levels. Where, previously, they'd go from 1-10 in a single level - you now level them up throughout the game, adding earned points into to cool abilities and passive upgrades. Whilst it adds a nice RPG element to your favourite heroes... it can equally add a grind factor if you wish to play with the full range on offer, as you'll need to level them up individually. And obviously, if you wish to try any new heroes, you'll need to level up to the same as your current ones to be able to provide a meaningful comparison. So swings and roundabouts really... But the hero you use is more for your own fun, so it's not like you're hindered from finishing the game if you only wanted to stick with a handful or even just the one - in which case this isn't a problem at all. Other than that: Same loving attention, same cracking array of challenges and same humour... What's not to love? And at 60 fps, it looks smoother than ever before.","['Tower Defense', 'Strategy', 'Indie', 'Singleplayer', 'Fantasy', '2D']",Overwhelmingly Positive,Ironhide Game Studio,4,5,5,3,positivo
GOObER,76561198000088094,Kingdom Rush Frontiers,Best Tower defense style game I have played. !!!!!!!!!,"['Tower Defense', 'Strategy', 'Indie', 'Singleplayer', 'Fantasy', '2D']",Overwhelmingly Positive,Ironhide Game Studio,2,5,4,3,positivo
Alpha ☑  Beta ☒,76561198032373589,Kingdom Rush Frontiers,one of the best tower defense.,"['Tower Defense', 'Strategy', 'Indie', 'Singleplayer', 'Fantasy', '2D']",Overwhelmingly Positive,Ironhide Game Studio,2,5,4,3,positivo
Blackoth,76561198006934629,Kingdom Rush Frontiers,"If you like tower defense games and you also liked the first kingdom rush, then this is a easy reccomendation. Ive spent many hours in the android version and loved every second. Frontiers put more polish and refinement into their tower defense formula. Kingdom Rush is my favorite game series in the genre. its good looking, plays well and has lots of nods to other cool games and movies. GET IT NOW!","['Tower Defense', 'Strategy', 'Indie', 'Singleplayer', 'Fantasy', '2D']",Overwhelmingly Positive,Ironhide Game Studio,4,5,4,3,positivo
Rurik,76561198263427469,Kingdom Rush Frontiers,"The game is so good, so i have bought it to just write a review. I passed this a long time ago. Frontiers is the second game in the Kingdom Rush series.  Actually, when i first time started the game i was pretty dissapointed.  I liked the original KR, but i expected to see something totally new in the second game. For example, new skills, new game modes, etc.. Yeah, Frontiers offers to player new towers, new enemies and new heroes. Also, you have got new map terrains and a new story with comics.. Actually, there are no innovative ideas. Everything is the same. But it is on a proper level. It's like a second season of awesome season one. I realised that i have got negative feelings because my inflated expectations. After i played some hours i chenged my opinion to extremely posititve. I liked this game. I liked to feel the same feelings which i felt playing the first KR. I am sure now, devs did a right choice keeping Frontiers is the most easiest game in KR series. I passed all stages on Veteran for 3 stars without any problems. For example, i still have some unpassed levels in KR and Origins. Anyway, i would advice to play original Kingdom Rush before starting Frontiers. There is nothing really to say about gameplay. If you played KR, you find Frontiers the same game with new towers, enemies and maps. If you didn't, i can say that KR is the best TD game now (I don't consider WC3 maps as a game). There is no secret that it is a mobile port. But it's really qualitative port. No bugs were found. The game looks good on Full screen. Anyway, i recommend to buy this game on mobile. Not because of the fact that the game is a half cheaper on mobiles, but because it is really awesome what you can play such a great game when you have some free minutes (in a public transport, in a queue, etc). I recommend this game to play in any platform you prefer.","['Tower Defense', 'Strategy', 'Indie', 'Singleplayer', 'Fantasy', '2D']",Overwhelmingly Positive,Ironhide Game Studio,3,4,4,2,positivo
^7ja^1co,76561197967685936,Kingdom Rush Frontiers,"If you have played Kingdom Rush this is more of the same glorious fun. I highly recommend this well polished, unique tower defense. I have actually bought a smart phone to play Kingdom Rush games and now Ironhide is brining them to PC, this just couldn't get better. I also had a chance to beta test it before release. I have to tell you, this game was shockingly well polished during the beta already. Great product, great price and a lot of fun to be had, plus there will be free contect added after release. Stop reading this, go buy it!","['Tower Defense', 'Strategy', 'Indie', 'Singleplayer', 'Fantasy', '2D']",Overwhelmingly Positive,Ironhide Game Studio,4,5,5,3,positivo
jgallegos1123,76561198140676570,Kingdom Rush Frontiers,"This game I know was a very old PC/Cell phone game, but man... its not only fun, but hella addicting. Never played a TD that was both challanging and fun the way this one is. Having 3 different modes to beat each level in, plus multiple difficulties, this game is a must buy if your a Tower Defense fan.","['Tower Defense', 'Strategy', 'Indie', 'Singleplayer', 'Fantasy', '2D']",Overwhelmingly Positive,Ironhide Game Studio,3,5,4,4,positivo
malcolmmackay224,76561198007513026,Kingdom Rush Frontiers,"I enjoyed Frontiers more than I enjoyed the previous game in the series. They fixed some issues such as a too small cursor (I have a 27"" monitor and a small cursor gets lost). Lots of interesting units and towers and the levels in the campaign are mostly well balanced. I did dislike the final boss battle - the 15 rounds of the battle were fine (actually very easy) but fighting the boss was a pain. I read up on the forums where people say you should save up 2000 gold, I saved up 5000 and still found it really tough. But I did beat in with 3 stars on normal difficulty, which for me is good.","['Tower Defense', 'Strategy', 'Indie', 'Singleplayer', 'Fantasy', '2D']",Overwhelmingly Positive,Ironhide Game Studio,3,4,4,3,positivo
Dire,76561197992229015,Kingdom Rush Frontiers,"If you liked Kingdom Rush you will like this one. New setting. New enemies. New tower variants and upgrades (though the base towers seem to stay the same). And new heroes. Heroes and towers can be upgraded. Levels have 3 stars, a heoric and an iron man mode to complete (if you want to), which of course earns you more upgrade points and just bragging rights. If you don't want to play a browser game, just spend the few bucks on it and be happy and content. :)","['Tower Defense', 'Strategy', 'Indie', 'Singleplayer', 'Fantasy', '2D']",Overwhelmingly Positive,Ironhide Game Studio,3,5,4,3,positivo
Jaduggar,76561198041020327,Kingdom Rush Frontiers,"Don't expect any groundbreaking changes to the series, with this one; Kingdom Rush Frontiers is the first game, again, just with more creative level design. If you're like me, though, that's exactly what you want. If you've finished KR Classic, and you feel like you could use another 21 levels of it, then this game has what you're looking for. There are eight new towers, but they replace the eight original towers, so although they're fun to unlock and use, you don't have more towers overall. There are new enemies, but half of them are just reskins of the classics, so only the latter zones really feel noticeably different. Apparently there's also a small improvement to graphics, but I didn't notice. The only obvious difference, to me, was the introduction of the leveling mechanic for your heroes. This time, they start off at a lower level, and you have to grind them up to lvl 10, and choose which powers to upgrade along the way. Since they all end up the same at lvl 10, however, your individual choices don't really matter in the long run; just grind your favorites to 10, so you can use them on the hard stages. Like I said, though... I didn't want anything different, and I don't suspect that you do either. I loved the last game, I wanted more of it, and that is exactly what KR Frontiers delivered. The only complaint I have (without spoilers) is the final boss. I feel like he broke one of the unspoken rules of Tower Defense games, and I did not enjoy fighting him at all.","['Tower Defense', 'Strategy', 'Indie', 'Singleplayer', 'Fantasy', '2D']",Overwhelmingly Positive,Ironhide Game Studio,3,4,4,3,positivo
Barachiel,76561198066529176,Kingdom Rush Frontiers,One of the best Tower Defence alike game with this much of a content and playing life. Used to play it on armorgames years ago. Its pleasure to support the devs.,"['Tower Defense', 'Strategy', 'Indie', 'Singleplayer', 'Fantasy', '2D']",Overwhelmingly Positive,Ironhide Game Studio,3,5,4,3,positivo
Exposed_Entrepreneur,76561198004558343,Kingdom Rush Frontiers,"The best tower defense game I have played on steam. (so far!) A great game to play while listening to a podcast or just some tunes. Tons of levels and heros to play and unlike the free versions all them are unlocked through playing the game instead of more cash. Also ditched the lvl every game system Kingdom Rush used, so now the grind counts towards something instead of just being reset every game, Only thing I could think to add is a zoom function so I can see the backgounds and towers up close but thats about it. tldr: 9/10 a great tower defense.","['Tower Defense', 'Strategy', 'Indie', 'Singleplayer', 'Fantasy', '2D']",Overwhelmingly Positive,Ironhide Game Studio,3,5,4,3,positivo
Chane,76561197983740996,Kingdom Rush Frontiers,"'Kingdom Rush Frontiers' is the second game of the 'Kingdom Rush' tower defence game series. Like it's predecessor it's a port from iOS and Android but that does not diminish the quality of the game. It's a very enjoyable, colourful, comic style, strategy game that's not to be missed if you like tower defence games. Pros: - cute comic style - traditional path-based tower defence game - loads of pop-culture references to films like Star Wars, Indiana Jones, Castaway, Predator etc. - maps can change in the middle of the action when enemies create new paths - challenging - cool boss enemies that can make your whole defence setup worthless - three difficulty levels plus Iron and Heroic difficulty with completely different waves of enemies - more than 40 types of enemies - complex combination of towers with different special abilities - special attacks - nine different heroes with very different special abilities - looks and plays like the original - yes, that's a good thing - addictive - maps contain secrets - upgradeable towers base values - upgradeable heroes base values - no glitches, no bugs Cons: - absolutely none","['Tower Defense', 'Strategy', 'Indie', 'Singleplayer', 'Fantasy', '2D']",Overwhelmingly Positive,Ironhide Game Studio,3,5,5,4,positivo
Rainbow Droid,76561197964232046,Kingdom Rush Frontiers,"One of the better tower defense games out there and I've played most of them. The original was very solid, too. The challenge to 100% on the hardest difficulty is decent but not ridiculous. Overall a very solid, simple design, with charming, well made art. Like if the Blizzard of the early 90s made a tower defense game series. Obviously a must-buy for tower defense fans, so if you've somehow missed this series thus far then do not wait any longer... Kingdom Rush Origins should be on Steam soon, having recently been confirmed... can't wait...","['Tower Defense', 'Strategy', 'Indie', 'Singleplayer', 'Fantasy', '2D']",Overwhelmingly Positive,Ironhide Game Studio,3,5,4,4,positivo
ivy,76561198080299828,Kingdom Rush Frontiers,One of the best tower defenses ive played they mixed in some rpg hero aspects along with 3 types of challenge stages 9/10,"['Tower Defense', 'Strategy', 'Indie', 'Singleplayer', 'Fantasy', '2D']",Overwhelmingly Positive,Ironhide Game Studio,3,5,4,4,positivo
Brother Alpha,76561198041636869,Kingdom Rush Frontiers,"This is the sequel to Kingdom Rush and if you enjoyed that game, or tower defense games in general, you will also enjoy this one. It is a mobile port, but it is well done and worth the $10 price. On a related note, the third game in the franchise is also coming to PC and I can’t wait. It is a great game series and fun to play.","['Tower Defense', 'Strategy', 'Indie', 'Singleplayer', 'Fantasy', '2D']",Overwhelmingly Positive,Ironhide Game Studio,3,5,4,3,positivo
cheiften98,76561198079705840,Kingdom Rush Frontiers,not played much as havnt had time. but got a discount code as i owned the first game so thats why i bought this as i enjoyed the first one so much. so great developers for doing that. thanks,"['Tower Defense', 'Strategy', 'Indie', 'Singleplayer', 'Fantasy', '2D']",Overwhelmingly Positive,Ironhide Game Studio,2,4,4,3,positivo
LionEddy,76561198113828394,Kingdom Rush Frontiers,If u loved Kingdom Rush u will love this one too :)  Great gameplay and cute animations :),"['Tower Defense', 'Strategy', 'Indie', 'Singleplayer', 'Fantasy', '2D']",Overwhelmingly Positive,Ironhide Game Studio,2,5,4,3,positivo
xxThe_Dice_manxx,76561197964783082,Kingdom Rush Frontiers,The Kingdom Rush games are simply the best tower defence games out there.If you are a fan of TD then these games are a must buy. Cannot recommend them enough!,"['Tower Defense', 'Strategy', 'Indie', 'Singleplayer', 'Fantasy', '2D']",Overwhelmingly Positive,Ironhide Game Studio,3,5,4,3,positivo
Yaroslav1987,76561198007220143,Kingdom Rush Frontiers,"Sequel to iconic tower defense. Faster, harder, better, more of everything. really enjoyable. But still I prefer the first game. 8/10","['Tower Defense', 'Strategy', 'Indie', 'Singleplayer', 'Fantasy', '2D']",Overwhelmingly Positive,Ironhide Game Studio,2,4,4,4,positivo
Star Haven,76561198085349542,Kingdom: New Lands,"Great game, though it needs a more thorough tutorial and better AI (or better control of your NPC's).","['Strategy', 'Pixel Graphics', 'Survival', 'Indie', 'Singleplayer', 'Simulation', 'Tower Defense', 'Base Building', '2D', 'Exploration', 'Fantasy', 'Building', 'Adventure', 'Medieval', 'Great Soundtrack', 'Atmospheric', 'Side Scroller', 'Rogue-like', 'Open World', 'Casual']",Very Positive,Noio,3,4,4,3,positivo
Wungle,76561198073092169,Kingdom: New Lands,Like the original Kingdoms Classic more.,"['Strategy', 'Pixel Graphics', 'Survival', 'Indie', 'Singleplayer', 'Simulation', 'Tower Defense', 'Base Building', '2D', 'Exploration', 'Fantasy', 'Building', 'Adventure', 'Medieval', 'Great Soundtrack', 'Atmospheric', 'Side Scroller', 'Rogue-like', 'Open World', 'Casual']",Very Positive,Noio,2,3,4,3,neutral
Csta,76561197980156403,Kingdom: New Lands,"A very cool game with some built-in flaws that develop beyond the first zone. Others will not agree with me. But the game gets very difficult at a certain point, to a degree that made me stop playing. Still, I got around 20 hours of gameplay outta this game and only paid like $5 for it. I'm fairly pleased with my purchase. Nice music and pixel art. Addictive gameplay. Very little instruction on what to do, which caused multiple failed attempts before eventual success -- which I enjoyed. Overall, an intriguing experience. 8/10","['Strategy', 'Pixel Graphics', 'Survival', 'Indie', 'Singleplayer', 'Simulation', 'Tower Defense', 'Base Building', '2D', 'Exploration', 'Fantasy', 'Building', 'Adventure', 'Medieval', 'Great Soundtrack', 'Atmospheric', 'Side Scroller', 'Rogue-like', 'Open World', 'Casual']",Very Positive,Noio,3,4,4,4,positivo
bahamut66,76561198041995956,Kingdom: New Lands,"This game is not for me.  Whie Kingdom is a very pretty game and the lack of dialogue or meanigful tutorial can lead to a semi-immersive experience, I just found my self bored after the first island.  It's just doing the same thing over and over again and for me, it's not fun.  If you like efficiency and speedrunning, this game can offer you some fun times, as it's all about those two ideas, but for me, it just feels too obtuse.  The tutorial is incredibly bare bones and you NEED a guide if you want to understand just what the hell you are doing.  Some people like the discovery...I like not wasting my time.","['Strategy', 'Pixel Graphics', 'Survival', 'Indie', 'Singleplayer', 'Simulation', 'Tower Defense', 'Base Building', '2D', 'Exploration', 'Fantasy', 'Building', 'Adventure', 'Medieval', 'Great Soundtrack', 'Atmospheric', 'Side Scroller', 'Rogue-like', 'Open World', 'Casual']",Very Positive,Noio,1,2,4,3,negativo
J.Tarwin,76561197993971518,Kingdom: New Lands,"One of the few games good enough for me to die and keep on trying, Kingdom: New Lands os so good that I even got my mom into it! This brings her total games in her Steam Library to 2. This game has already gotten more hours out of me than most of the games in my Steam Library.","['Strategy', 'Pixel Graphics', 'Survival', 'Indie', 'Singleplayer', 'Simulation', 'Tower Defense', 'Base Building', '2D', 'Exploration', 'Fantasy', 'Building', 'Adventure', 'Medieval', 'Great Soundtrack', 'Atmospheric', 'Side Scroller', 'Rogue-like', 'Open World', 'Casual']",Very Positive,Noio,3,5,5,4,positivo
aaron30uk (6 digit 2ndacount),76561198261066527,Kingdom: New Lands,better than the first one dont forget people there is a chest in both directions full of coins the achievements dont work some of them and also are silly.. but better than the first amazing game,"['Strategy', 'Pixel Graphics', 'Survival', 'Indie', 'Singleplayer', 'Simulation', 'Tower Defense', 'Base Building', '2D', 'Exploration', 'Fantasy', 'Building', 'Adventure', 'Medieval', 'Great Soundtrack', 'Atmospheric', 'Side Scroller', 'Rogue-like', 'Open World', 'Casual']",Very Positive,Noio,3,4,4,2,positivo
[HN],76561198004413401,Kingdom: New Lands,"A decent base concept, a nice pixel art style, but sadly a terrible gameplay. They have tried to go for a simple god-game like control ala Populous where on only perform extremely basic actions (pay for something) in order to develop and grow your kingdom. Sadly the game rely on some pretty dumb ai and strange design choices. Here's a simple example : You can't cancel the construction of a building, and your builder will rush asap to build it, even at night when the wave of monster spawn. It result in the pretty frustrating sight of you guys suicide themselves again and again. Other than that, the whole game rely on pretty inconsistent hunter ai and prey spawning that can either land you a tone of money, or no money at all. The maps are randomly generated which mean some map are extremely favorable and some other outright unplayable. The enemies spawn on a single side of the map, but since you have NO CONTROL WHAT SO EVER on your citizen, you can stop half your archer to go defend a side that will never be attacked. In the end, what could have been a pretty zen experience of you watching your kingdom grow and your citizens doing their job end up being a pretty frustrating game with you having to watch over ♥♥♥♥♥♥♥♥ ai with extremely limited tool against unfairly difficult enemies.","['Strategy', 'Pixel Graphics', 'Survival', 'Indie', 'Singleplayer', 'Simulation', 'Tower Defense', 'Base Building', '2D', 'Exploration', 'Fantasy', 'Building', 'Adventure', 'Medieval', 'Great Soundtrack', 'Atmospheric', 'Side Scroller', 'Rogue-like', 'Open World', 'Casual']",Very Positive,Noio,2,1,4,3,negativo
Earth McFlat,76561198023628368,Kingdom: New Lands,Quite good. The tone and atmosphere are simply marvelous. Art direction is astounding. Music is godly. Game gives feelies. If you like feelies you will love this game. If you are dead inside not so much. Has some issues here and there. May induce ragequiteritis after playing for long hours. Probably because of a damned scared knight. YES I'M LOOKING AT YOU *@!@#%# CHICKEN KNIGHTS! Learning is part of the fun though. Most certainly a buy if you like unique and unfiltered experiences.,"['Strategy', 'Pixel Graphics', 'Survival', 'Indie', 'Singleplayer', 'Simulation', 'Tower Defense', 'Base Building', '2D', 'Exploration', 'Fantasy', 'Building', 'Adventure', 'Medieval', 'Great Soundtrack', 'Atmospheric', 'Side Scroller', 'Rogue-like', 'Open World', 'Casual']",Very Positive,Noio,4,4,5,3,positivo
BOBTHEBUILDER,76561198066022068,Kingdom: New Lands,Baffled by the overwhelmingly positive reviews. This is a 3 button game that plays like a bad mobile port. Pace is very slow and game very quickly becomes boring. Was expecting a kind of rogue like survival base building adventure. What I got was a walking/waiting simulator totally lacking in depth and with really unbalanced enemies. The enemies hose you king in about 5 seconds. Your king has no attacks and your king is required to explore. This highly discourages you from exploring in a game where that should be one of the primary tasks. This was one of the most dissapointing indie titles I have played in a long time.,"['Strategy', 'Pixel Graphics', 'Survival', 'Indie', 'Singleplayer', 'Simulation', 'Tower Defense', 'Base Building', '2D', 'Exploration', 'Fantasy', 'Building', 'Adventure', 'Medieval', 'Great Soundtrack', 'Atmospheric', 'Side Scroller', 'Rogue-like', 'Open World', 'Casual']",Very Positive,Noio,1,1,2,3,negativo
Lockey,76561197972364092,Kingdom: New Lands,"Like the original it's a lovely little game with great art, relaxing music and minimalist but surprisingly deep gameplay. I feel the balance in this one is a little better, but you can still get royally screwed over by the RNG. A well functioning kingdom can be utterly gutted and irrepararlly doomed in just one night. The same frustrating ""A.I."" as in the original will randomly place your defenders, mosty where they are not needed and you cannot do much to influence what the little people do. The terrain generation also sometimes produces indefensible levels with too few possibilities to build towers and none of them near a wall. Once your kingdom reaches critical mass, even a small setback can turn into a huge disaster as your little men pick up the wrong items, leaving you without archers, builders or farmers and they take too long to cross the huge map to get to their assignments, only to get robbed of their items and gold again before repairing the walls or manning the defences. I personally feel the game would be much improved if you could demolish buildings and change the peoples jobs. While it is the point of the game to have kingdoms rise and fall, I really dislike how random it all is. Given its problems, Kingdom: New Lands is still a fascinating and charming little game and I do think it's worth picking up. Just don't waste too much time on bad maps and restart early, or you will end up wasting a lot of time.","['Strategy', 'Pixel Graphics', 'Survival', 'Indie', 'Singleplayer', 'Simulation', 'Tower Defense', 'Base Building', '2D', 'Exploration', 'Fantasy', 'Building', 'Adventure', 'Medieval', 'Great Soundtrack', 'Atmospheric', 'Side Scroller', 'Rogue-like', 'Open World', 'Casual']",Very Positive,Noio,3,4,5,3,positivo
7thsojurn,76561198013462546,Kingdom: New Lands,Agian another game that plays so well on you tube that don't work worth @@@@ on my system window 10 alian ware whyyyyy whyyyyy is the question all your games i buy stop working or just freeze up my computer... junk junk al i get from this site....,"['Strategy', 'Pixel Graphics', 'Survival', 'Indie', 'Singleplayer', 'Simulation', 'Tower Defense', 'Base Building', '2D', 'Exploration', 'Fantasy', 'Building', 'Adventure', 'Medieval', 'Great Soundtrack', 'Atmospheric', 'Side Scroller', 'Rogue-like', 'Open World', 'Casual']",Very Positive,Noio,1,0,1,2,negativo
Citizen Alpha,76561198024327278,Kingdom: New Lands,"At first I thought this game was clever in its approach but the game's thin premise got old fast.  First and foremost, nothing is explained.  Discovery is neat but once that's worn off you're left missing a lot of detail.  You'll need to exit the game and do some reading to really understand what's going on.  You'll go from saying, ""Oh this is intriguing"" to ""I think I just completely screwed myself because nothing is explained and I'll never get that hour of my life back"" before you know it.  What does this statue do?  What does the map mean?  What am I supposed to be doing?  What is this ship?  How do my men behave?  Why is everyone over here where I don't need them?  In the end, the payoff isn't worth it.  It's a long journey to find these answers and in the end, I found myself disappointed.","['Strategy', 'Pixel Graphics', 'Survival', 'Indie', 'Singleplayer', 'Simulation', 'Tower Defense', 'Base Building', '2D', 'Exploration', 'Fantasy', 'Building', 'Adventure', 'Medieval', 'Great Soundtrack', 'Atmospheric', 'Side Scroller', 'Rogue-like', 'Open World', 'Casual']",Very Positive,Noio,1,2,3,3,negativo
L0stLP,76561198045080783,Kingdom: New Lands,"Got the product for free because I had Kingdom: Classic. This expansion adds a lot of new things to the game, that you will have to unlock. The objective of the game is to survive until you can escape the island. There are five islands that get larger and larger with more portals along the way. You are a King/Queen whose only power is to redistribute money. You build a base, you hire people to protect it and farm the land. (Put 7 coins into the wooden rocket to unlock the better walls) Eventually you will have enough money to build a bout and escape. Your enemy comes only at night and every about five days a stronger wave will arrive at your walls. You can and sometimes will have to destroy the portals in order to progress, but that will also trigger a strong wave. The more you wait the harder it will get, so I went for the clear everything between me and the dock strategy as fast as I could. You unlock new items by paying two coins to a directional post, which is located usually in the direction opposite to the dock and on the 5th island it is next to the coastal portal at the opposite edge to the dock, but if you explore in the first 2-3 days you can bribe the enemy. Once you unlock a item it will have a chance to spawn, starting with the next island. There are new mounts, some with abilities. New statues and the old ones, the knight statue is a bit risky. And finally special builders for interesting and necessary buildings for latter stages. Because you can't control the units directly, you are at the mercy of the AI, archers and farmers are redistributed at the worst times, builders stay outside the walls after they cut trees.","['Strategy', 'Pixel Graphics', 'Survival', 'Indie', 'Singleplayer', 'Simulation', 'Tower Defense', 'Base Building', '2D', 'Exploration', 'Fantasy', 'Building', 'Adventure', 'Medieval', 'Great Soundtrack', 'Atmospheric', 'Side Scroller', 'Rogue-like', 'Open World', 'Casual']",Very Positive,Noio,4,4,5,3,positivo
Sarkoth,76561197969749884,Kingdom: New Lands,"Kingdom is probably one of the best indie games I've played this year. It is beautiful, captivating, challenging and complexely deep at the same time.","['Strategy', 'Pixel Graphics', 'Survival', 'Indie', 'Singleplayer', 'Simulation', 'Tower Defense', 'Base Building', '2D', 'Exploration', 'Fantasy', 'Building', 'Adventure', 'Medieval', 'Great Soundtrack', 'Atmospheric', 'Side Scroller', 'Rogue-like', 'Open World', 'Casual']",Very Positive,Noio,4,5,5,4,positivo
GL9106,76561198136348231,Kingdom: New Lands,Best pixel game I've ever played. I still love it,"['Strategy', 'Pixel Graphics', 'Survival', 'Indie', 'Singleplayer', 'Simulation', 'Tower Defense', 'Base Building', '2D', 'Exploration', 'Fantasy', 'Building', 'Adventure', 'Medieval', 'Great Soundtrack', 'Atmospheric', 'Side Scroller', 'Rogue-like', 'Open World', 'Casual']",Very Positive,Noio,3,5,5,3,positivo
BobSkywalker,76561197991252340,Kingdom: New Lands,"music and art were great. game was so very sort of upsetting though. didnt even know what was going on and game didnt help give a clue. just kinda ran back and forth for like an hour unclear on what the goal was or how the game mechanics worked. there was a guy with a mule who gave me coins on several occasions at the start, but eventually he was never seen again. not really sure what happened as there is very little feedback about what is going on.","['Strategy', 'Pixel Graphics', 'Survival', 'Indie', 'Singleplayer', 'Simulation', 'Tower Defense', 'Base Building', '2D', 'Exploration', 'Fantasy', 'Building', 'Adventure', 'Medieval', 'Great Soundtrack', 'Atmospheric', 'Side Scroller', 'Rogue-like', 'Open World', 'Casual']",Very Positive,Noio,1,2,4,3,negativo
Sen'jin Shieldmasta,76561198041100695,Kingdom: New Lands,A very unique side scroller that keeps the player on their toes due to: >the gold resource management >careful planning of how far to expand >exploration to get more villagers and to know where your end goal is (plus the chests) >and at night the attacks of the Greed All of these become more pressing as days (in-game not real life) pass and things start to get a bit dicey I love this game and will continue to play more I just really wish the newly recruited villager would move faster than me on a tredmill 5/5 Stars > MUST PLAY!!,"['Strategy', 'Pixel Graphics', 'Survival', 'Indie', 'Singleplayer', 'Simulation', 'Tower Defense', 'Base Building', '2D', 'Exploration', 'Fantasy', 'Building', 'Adventure', 'Medieval', 'Great Soundtrack', 'Atmospheric', 'Side Scroller', 'Rogue-like', 'Open World', 'Casual']",Very Positive,Noio,4,5,5,4,positivo
Ketamarine,76561197966358311,Kingdom: New Lands,"No meaningful tutorial, no controls in game, no explanation of the basic concepts of winning the game. And a terrible AI that seems to literally be working against you at times. I had a ton of archers just sitting around doing nothing with a horde of rabbits and deer jus toutside my village.","['Strategy', 'Pixel Graphics', 'Survival', 'Indie', 'Singleplayer', 'Simulation', 'Tower Defense', 'Base Building', '2D', 'Exploration', 'Fantasy', 'Building', 'Adventure', 'Medieval', 'Great Soundtrack', 'Atmospheric', 'Side Scroller', 'Rogue-like', 'Open World', 'Casual']",Very Positive,Noio,1,2,3,3,negativo
tuxdelux,76561198418549470,Kingdom: New Lands,"This is a fun base building game. A big part of the fun is figuring out the mechanics. The game moves slowly, as it cycles through a day-night sequence, so there is time to think about what is happening. Typical RTS resources: money, guys, and buildings, but there are some nice twists on the idea. It is very decent and polished. Graphics and music are pretty good. Don't go into this expecting everything under the sun (you are not getting a long, story driven campaign), but this game does do simple base building very nicely, indeed.","['Strategy', 'Pixel Graphics', 'Survival', 'Indie', 'Singleplayer', 'Simulation', 'Tower Defense', 'Base Building', '2D', 'Exploration', 'Fantasy', 'Building', 'Adventure', 'Medieval', 'Great Soundtrack', 'Atmospheric', 'Side Scroller', 'Rogue-like', 'Open World', 'Casual']",Very Positive,Noio,2,4,4,3,positivo
Personal Space,76561198074855431,Kingdom: New Lands,"This is a nice looking game. Sound is great too, really relaxing. have only just started but am excited from what I have experienced.","['Strategy', 'Pixel Graphics', 'Survival', 'Indie', 'Singleplayer', 'Simulation', 'Tower Defense', 'Base Building', '2D', 'Exploration', 'Fantasy', 'Building', 'Adventure', 'Medieval', 'Great Soundtrack', 'Atmospheric', 'Side Scroller', 'Rogue-like', 'Open World', 'Casual']",Very Positive,Noio,2,4,5,3,positivo
